cdc_id,title,landing_page,PID,metadata_title,authors,publication_date,raw_date,abstract,subjects,keywords,journal,document_type,publisher,publisher_place,rights,rights_statement,download_url,language,screening_status,prevention_score,treatment_score,screening_reason
37180,"A Randomized Controlled Trial Translating the Diabetes Prevention Program to a University Worksite, Ohio, 2012–2014",https://stacks.cdc.gov/view/cdc/37180,cdc:37180,"A Randomized Controlled Trial Translating the Diabetes Prevention Program to a University Worksite, Ohio, 2012–2014","Weinhold\, Kellie R.,Miller\, Carla K.,Marrero\, David G.,Nagaraja\, Haikady N.,Focht\, Brian C.,Gascon\, Gregg M.",,Nov 25 2015,"Introduction,Working adults spend much time at the workplace\, an ideal setting for wellness programs targeting weight loss and disease prevention. Few randomized trials have evaluated the efficacy of worksite diabetes prevention programs.This study evaluated the efficacy of a worksite lifestyle intervention on metabolic and behavioral risk factors compared with usual care.,Methods,A pretest–posttest control group design with 3-month follow-up was used. Participants with prediabetes were recruited from a university worksite and randomized to receive a 16-week lifestyle intervention (n = 35) or usual care (n = 34). Participants were evaluated at baseline\, postintervention\, and 3-month follow-up. Dietary intake was measured by a food frequency questionnaire and level of physical activity by accelerometers. Repeated measures analysis of variance compared the change in outcomes between and within groups.,Results,Mean (standard error [SE]) weight loss was greater in the intervention (−5.5% [0.6%]) than in the control (−0.4% [0.5%]) group (P < .001) postintervention and was sustained at 3-month follow-up (P < .001). Mean (SE) reductions in fasting glucose were greater in the intervention (−8.6 [1.6] mg/dL) than in the control (−3.7 [1.6] mg/dL) group (P = .02) postintervention; both groups had significant glucose reductions at 3-month follow-up (P < .001). In the intervention group\, the intake of total energy and the percentage of energy from all fats\, saturated fats\, and trans fats decreased\, and the intake of dietary fiber increased (all P < .01) postintervention.,Conclusion,The worksite intervention improved metabolic and behavioral risk factors among employees with prediabetes. The long-term impact on diabetes prevention and program sustainability warrant further investigation.","Diabetes Mellitus\, Type 2,Feeding Behavior,Female,Glucose Tolerance Test,Health Promotion,Humans,Life Style,Male,Middle Aged,Motor Activity,Prediabetic State,Program Evaluation,Risk Factors,Universities,Weight Loss,Workplace","Diabetes Mellitus\, Type 2,Feeding Behavior,Female,Glucose Tolerance Test,Health Promotion,Humans,Life Style,Male,Middle Aged,Motor Activity,Prediabetic State,Program Evaluation,Risk Factors,Universities,Weight Loss,Workplace",Preventing Chronic Disease (PCD),,,,,,,eng,Include,32,0,"Strong prevention terms: diabetes prevention program, prediabetes, prediabetic state, diabetes prevention, lifestyle intervention | Other prevention terms: risk factor, weight loss, physical activity, diet, health promotion, worksite intervention, lifestyle"
47462,"A Formative Evaluation of a Diabetes Prevention Program Using the RE-AIM Framework in a Learning Health Care System, Utah, 2013–2015",https://stacks.cdc.gov/view/cdc/47462,cdc:47462,"A Formative Evaluation of a Diabetes Prevention Program Using the RE-AIM Framework in a Learning Health Care System, Utah, 2013–2015","Brunisholz\, Kimberly D.,Kim\, Jaewhan,Savitz\, Lucy A.,Hashibe\, Mia,Gren\, Lisa H.,Hamilton\, Sharon,Huynh\, Kelly,Joy\, Elizabeth A.",,Jul 20 2017,"Introduction,Evaluation of interventions can help to close the gap between research and practice but seldom takes place during implementation. Using the RE-AIM framework\, we conducted a formative evaluation of the first year of the Intermountain Healthcare Diabetes Prevention Program (DPP).,Methods,Adult patients who met the criteria for prediabetes (HbA1c of 5.70%–6.49% or fasting plasma glucose of 100–125 mg/dL) were attributed to a primary care provider from August 1\, 2013\, through July 31\, 2014. Physicians invited eligible patients to participate in the program during an office visit. We evaluated 1) reach\, with data on patient eligibility\, participation\, and representativeness; 2) effectiveness\, with data on attaining a 5% weight loss; 3) adoption\, with data on providers and clinics that referred patients to the program; and 4) implementation\, with data on patient encounters. We did not measure maintenance.,Results,Of the 6\,862 prediabetes patients who had an in-person office visit with their provider\, 8.4% of eligible patients enrolled. Likelihood of participation was higher among patients who were female\, aged 70 years or older\, or overweight; had depression and higher weight at study enrollment; or were prescribed metformin. DPP participants were more likely than nonparticipants to achieve a 5% weight loss (odds ratio\, 1.70; 95% confidence interval\, 1.29–2.25; P < .001). Providers from 7 of 8 regions referred patients to the DPP; 174 providers at 53 clinics enrolled patients. The mean number of DPP counseling encounters per patient was 2.3 (range\, 1–16).,Conclusion,The RE-AIM framework was useful for estimating the formative impact (ie\, reach\, effectiveness\, adoption\, and implementation fidelity) of a DPP-based lifestyle intervention deployed in a learning health care system.","Delivery of Health Care,Diabetes Mellitus\, Type 2,Health Behavior,Health Promotion,Humans,Life Style,Prediabetic State","Delivery of Health Care,Diabetes Mellitus\, Type 2,Health Behavior,Health Promotion,Humans,Life Style,Prediabetic State",Preventing Chronic Disease (PCD),,,,,,,eng,Include,30,0,"Strong prevention terms: diabetes prevention program, prediabetes, prediabetic state, diabetes prevention, lifestyle intervention, dpp | Other prevention terms: weight loss, overweight, health promotion, lifestyle"
48070,A Framework for Implementing the National Diabetes Prevention Program in Los Angeles County,https://stacks.cdc.gov/view/cdc/48070,cdc:48070,A Framework for Implementing the National Diabetes Prevention Program in Los Angeles County,"Mosst\, Jennifer T.,DeFosset\, Amelia,Gase\, Lauren,Baetscher\, Laura,Kuo\, Tony",,Aug 24 2017,"Introduction,Preventing type 2 diabetes is a public health priority in the United States. An estimated 86 million Americans aged 20 years or older have prediabetes\, 90% of whom are unaware they have it. The National Diabetes Prevention Program (NDPP) has the potential to reduce the incidence of type 2 diabetes; however\, little is known about the best way to institutionalize such a program in a jurisdiction with a racially/ethnically diverse population. The objective of this study was to develop a practice-grounded framework for implementing the NDPP in Los Angeles County.,Methods,In 2015\, the Los Angeles County Department of Public Health (LACDPH) partnered with Ad Lucem Consulting to conduct a 3-stage formative assessment that consisted of 1) in-depth interviews with key informants representing community-based organizations to learn about their experiences implementing the NDPP and similar lifestyle-change programs and 2) 2 strategic planning sessions to obtain input and feedback from the Los Angeles County Diabetes Prevention Coalition. LACDPH identified core activities to increase identification of people with type 2 diabetes and referral and enrollment of eligible populations in the NDPP.,Results,We worked with LACDPH and key informants to develop a 3-pronged framework of core activities to implement NDPP: expanding outreach and education\, improving health care referral systems and protocols\, and increasing access to and insurance coverage for NDPP. The framework will use a diverse partner network to advance these strategies.,Conclusion,The framework has the potential to identify people with prediabetes and to expand NDPP among priority populations in Los Angeles County and other large jurisdictions by using a diverse partner network","Diabetes Mellitus\, Type 2,Humans,National Health Programs,Program Development","Diabetes Mellitus\, Type 2,Humans,National Health Programs,Program Development",Preventing Chronic Disease (PCD),,,,,,,eng,Include,29,0,"Strong prevention terms: diabetes prevention program, national diabetes prevention program, preventing type 2 diabetes, prediabetes, diabetes prevention, dpp | Other prevention terms: referral, lifestyle"
24402,"Implementation and Outcomes of the New York State YMCA Diabetes Prevention Program: A Multisite Community-Based Translation, 2010–2012",https://stacks.cdc.gov/view/cdc/24402,cdc:24402,"Implementation and Outcomes of the New York State YMCA Diabetes Prevention Program: A Multisite Community-Based Translation, 2010–2012","Bozack\, Anne,Millstein\, Susan,Garcel\, Jacqueline Martinez,Kelly\, Kim,Ruberto\, Rachael,Weiss\, Linda",,Jul 10 2014,"Introduction,Weight loss and physical activity achieved through the Diabetes Prevention Program (DPP) have been shown to reduce type 2 diabetes risk among individuals with prediabetes. The New York State Young Men’s Christian Association (YMCA) delivered the 16-week evidence-based model at 14 YMCAs. A mixed methods process and outcomes evaluation was conducted.,Methods,Most participants were referred by clinicians and were encouraged to achieve 5% to 7% weight loss. Participants were weighed weekly; additional data were gathered from participant surveys and focus groups and staff surveys and interviews.,Results,Participants (N = 254) lost a mean of 9 pounds (P < .001)\, or 4.2% of body weight\, by program completion; 40% achieved 5% or more weight loss and 25% achieved 7% or more weight loss. Ten months after baseline\, 61% of participants reported 5% or more weight loss and 48% reported 7% or more weight loss. In multivariate models\, weight loss was negatively associated with black race (16 weeks: adjusted odds ratio [AOR]\, 0.190\, P = .002; 10 months: AOR\, 0.244\, P = .005) and positively associated with attendance (16 weeks: AOR\, 18.699\, P < .001; 10 months: AOR\, 2.808\, P = .024). Participants reported improvements in health and lifestyle changes after program completion. Factors contributing to program success included coaches who motivated participants\, the group setting\, curriculum\, and program duration. However\, sociodemographic diversity was limited.,Conclusion,Outcomes demonstrate the potential for effectively implementing the DPP in community-based settings. Findings also suggest the need for replications among a broader population.","Adult,Aged,Aged\, 80 and over,Behavioral Risk Factor Surveillance System,Body Mass Index,Community Health Services,Diabetes Mellitus\, Type 2,Evidence-Based Practice,Female,Focus Groups,Follow-Up Studies,Health Plan Implementation,Health Promotion,Humans,Life Style,Male,Middle Aged,Patient Education as Topic,Program Evaluation,Qualitative Research,Referral and Consultation,Residence Characteristics,Social Class,Surveys and Questionnaires,Weight Loss,Weight Reduction Programs","Adult,Aged,Aged\, 80 and over,Behavioral Risk Factor Surveillance System,Body Mass Index,Community Health Services,Diabetes Mellitus\, Type 2,Evidence-Based Practice,Female,Focus Groups,Follow-Up Studies,Health Plan Implementation,Health Promotion,Humans,Life Style,Male,Middle Aged,Patient Education as Topic,Program Evaluation,Qualitative Research,Referral and Consultation,Residence Characteristics,Social Class,Surveys and Questionnaires,Weight Loss,Weight Reduction Programs",Preventing Chronic Disease (PCD),,,,,,,eng,Include,26,0,"Strong prevention terms: diabetes prevention program, prediabetes, diabetes prevention, dpp | Other prevention terms: risk factor, weight loss, physical activity, referral, health promotion, lifestyle"
151112,"Factors Influencing the Referral of Patients with Prediabetes to a Diabetes Prevention Program in the Bronx, New York",https://stacks.cdc.gov/view/cdc/151112,cdc:151112,"Factors Influencing the Referral of Patients with Prediabetes to a Diabetes Prevention Program in the Bronx, New York","Stephenson-Hunter\, Cara,Pacheco\, Giovanni,Kim\, Ryung S.,Gao\, Qi,Hosgood\, H. Dean,Chambers\, Earle C.",,9 21 2023,"Introduction,Disparate engagement in the Diabetes Prevention Program (DPP) may occur as early as the point of referral for certain subgroups\, including Black and Hispanic men. We aimed to determine patient demographic and provider characteristics associated with referrals to a health system DPP in the Bronx\, New York.,Methods,Patient and health system characteristics for DPP-eligible patients seen in primary care between July 1\, 2015\, and December 31\, 2017\, were obtained through the electronic health record. Generalized mixed-effects modeling was used to test the association between referral rate and clinical and sociodemographic variables.,Results,Of 26\,727 eligible patients\, 66% were female\, 46% were Hispanic\, and 39% were non-Hispanic Black. Only 10% (n = 2\,785) of eligible patients were referred to DPP. In the adjusted analyses\, lower odds of referral were observed for men versus women (OR = 0.60; 95% CI\, 0.52–0.66)\, for non-Hispanic White versus Hispanic patients (OR = 0.53; 95% CI\, 0.40–0.71)\, and for uninsured patients versus Medicaid patients (OR = 0.66; 95% CI\, 0.54–0.80). The odds were higher for patients in the highest versus lowest hemoglobin A1c (OR = 2.49; 95% CI\, 2.27–2.72) category; for those in the highest versus lowest body mass index categories (OR = 1.61; 95% CI\, 1.45–1.79); for middle-aged patients (aged 45–64 y) versus those aged 18–26 y (OR =1.63; 95% CI\, 1.33–2.00); and for patients being seen by a family versus an internal medicine physician (OR = 1.65; 95% CI\, 1.22–2.22).,Conclusion,We identified under-referral for men and highlighted other patient and health system factors associated with referral rates. Interventions to address bias in referrals and increase referrals for men at high risk for diabetes\, not typically represented in DPP\, are recommended.","Female,Humans,Male,Middle Aged,Black People,Diabetes Mellitus\, Type 2,Prediabetic State,Referral and Consultation,Hispanic or Latino,Adolescent,Young Adult,Adult,Health Promotion,White,Socioeconomic Factors","Adolescent,Adult,Black People,Diabetes Mellitus\, Type 2,Female,Health Promotion,Hispanic or Latino,Humans,Male,Middle Aged,Prediabetic State,Referral and Consultation,Socioeconomic Factors,White,Young Adult",Preventing Chronic Disease (PCD),,,,,,,eng,Include,24,0,"Strong prevention terms: diabetes prevention program, prediabetes, prediabetic state, diabetes prevention, dpp | Other prevention terms: referral, health promotion"
50304,"Early Results of States’ Efforts to Support, Scale, and Sustain the National Diabetes Prevention Program",https://stacks.cdc.gov/view/cdc/50304,cdc:50304,"Early Results of States’ Efforts to Support, Scale, and Sustain the National Diabetes Prevention Program","Mensa-Wilmot\, Yvonne,Bowen\, Shelly-Ann,Rutledge\, Stephanie,Morgan\, Jennifer Murphy,Bonner\, Timethia,Farris\, Kimberly,Blacher\, Rachel,Rutledge\, Gia",,Dec 07 2017,"The Centers for Disease Control and Prevention (CDC) developed a cooperative agreement with health departments in all 50 states and the District of Columbia to strengthen chronic disease prevention and management efforts through the implementation of evidence-based strategies\, such as CDC's National Diabetes Prevention Program. The National Diabetes Prevention Program supports organizations to deliver the year-long lifestyle change program that has been proven to prevent or delay the onset of type 2 diabetes among those at high risk. This article describes activities\, barriers\, and facilitators reported by funded states during the first 3 years (2013-2015) of a 5-year funding cycle.","Diabetes Mellitus\, Type 2,Health Planning,Humans,National Health Programs","Diabetes Mellitus\, Type 2,Health Planning,Humans,National Health Programs",Preventing Chronic Disease (PCD),,,,,,,eng,Include,24,0,"Strong prevention terms: diabetes prevention program, national diabetes prevention program, prevent or delay, diabetes prevention, lifestyle change program | Other prevention terms: lifestyle"
19628,Designing a Natural Experiment to Evaluate a National Health Care–Community Partnership to Prevent Type 2 Diabetes,https://stacks.cdc.gov/view/cdc/19628,cdc:19628,Designing a Natural Experiment to Evaluate a National Health Care–Community Partnership to Prevent Type 2 Diabetes,"Ackermann\, Ronald T.,Holmes\, Ann M.,Saha\, Chandan",,2013,"To address the growing incidence of type 2 diabetes in the United States\, UnitedHealth Group\, the YMCA of the USA\, and the Centers for Disease Control and Prevention have partnered to bring a group-based adaptation of the Diabetes Prevention Program lifestyle intervention to a national scale. Researchers at Northwestern and Indiana universities are collaborating with these partners to design a robust evaluation of the reach\, effectiveness\, and costs of this natural experiment. We will employ a quasi-experimental\, cluster-randomized study design and combine administrative\, clinical\, and programmatic data from existing sources to derive reliable\, timely\, and policy-relevant estimates of the program's impact and potential for sustainability. In this context\, evaluation results will provide information about the unique role of a health care-community partnership to prevent type 2 diabetes.","Special Topic,Child,Cluster Analysis,Community-Based Participatory Research,Diabetes Mellitus\, Type 2,Evidence-Based Medicine,Health Benefit Plans\, Employee,Health Expenditures,Health Promotion,Humans,Insurance\, Health,Life Style,Patient Education as Topic,Program Evaluation,Risk Assessment,Weight Loss","Child,Cluster Analysis,Community-Based Participatory Research,Diabetes Mellitus\, Type 2,Evidence-Based Medicine,Health Benefit Plans\, Employee,Health Expenditures,Health Promotion,Humans,Insurance\, Health,Life Style,Patient Education as Topic,Program Evaluation,Risk Assessment,Special Topic,Weight Loss",Preventing Chronic Disease (PCD),,,,,,,eng,Include,23,0,"Strong prevention terms: diabetes prevention program, prevent type 2 diabetes, diabetes prevention, lifestyle intervention | Other prevention terms: weight loss, health promotion, lifestyle"
46733,A Feasibility Study of Supply and Demand for Diabetes Prevention Programs in North Carolina,https://stacks.cdc.gov/view/cdc/46733,cdc:46733,A Feasibility Study of Supply and Demand for Diabetes Prevention Programs in North Carolina,"Alva\, Maria L.,Samuel-Hodge\, Carmen D.,Porterfield\, Deborah,Thomas\, Tainayah,Leeman\, Jennifer",,Jun 29 2017,"Introduction,Diabetes Prevention Programs (DPPs) have shown that healthy eating and moderate physical activity are effective ways of delaying and preventing type 2 diabetes in people with impaired glucose tolerance. We assessed willingness to pay for DPPs from the perspective of potential recipients and the cost of providing these programs from the perspective of community health centers and local health departments in North Carolina.,Methods,We used contingent valuation to determine how much potential recipients would be willing to pay to participate in DPPs under 3 different models: delivered by registered professionals (traditional model)\, by community health workers\, or online. By using information on the minimum reimbursement rate at which public health agencies would be prepared to provide the 3 models\, we estimated the marginal costs per person of supplying the programs. Matching supply and demand\, we estimated the degree of cost sharing between recipients and providers.,Results,Potential program recipients (n = 99) were willing to pay more for programs led by registered professionals than by community health workers\, and they preferred face-to-face contact to an online format. Socioeconomic status (measured by education and employment) and age played the biggest roles in determining willingness to pay. Leaders of public health agencies (n = 27) reported up to a 40% difference in the cost of providing the DPP\, depending on the delivery model.,Conclusion,By using willingness to pay to understand demand for DPPs and computing the provider’s marginal cost of providing these services\, we can estimate cost sharing and market coverage of these services and thus compare the viability of alternate approaches to scaling up and sustaining DPPs with available resources.","Adult,Community Health Centers,Community Health Services,Cross-Sectional Studies,Data Collection,Diabetes Mellitus\, Type 2,Feasibility Studies,Health Care Surveys,Health Occupations,Health Policy,Health Services Needs and Demand,Humans,Patient Acceptance of Health Care,Surveys and Questionnaires","Adult,Community Health Centers,Community Health Services,Cross-Sectional Studies,Data Collection,Diabetes Mellitus\, Type 2,Feasibility Studies,Health Care Surveys,Health Occupations,Health Policy,Health Services Needs and Demand,Humans,Patient Acceptance of Health Care,Surveys and Questionnaires",Preventing Chronic Disease (PCD),,,,,,,eng,Include,21,0,"Strong prevention terms: diabetes prevention program, preventing type 2 diabetes, diabetes prevention, dpp | Other prevention terms: physical activity, healthy eating"
20039,Cherokee Choices: A Diabetes Prevention Program for American Indians,https://stacks.cdc.gov/view/cdc/20039,cdc:20039,Cherokee Choices: A Diabetes Prevention Program for American Indians,"Bachar\, Jeffrey J,Lefler\, Lisa J,Reed\, Lori,McCoy\, Tara,Bailey\, Robin,Bell\, Ronny",,Jun 15 2006,"In 1999\, the Centers for Disease Control and Prevention (CDC) provided Racial and Ethnic Approaches to Community Health 2010 (REACH 2010) funds to the Eastern Band of Cherokee Indians to develop a community-based intervention to improve the health of this rural\, mountainous community in North Carolina. During the first year of the Cherokee Choices program\, team members conducted formative research\, formed coalitions\, and developed a culturally appropriate community action plan for the prevention of type 2 diabetes\, particularly among children. The Eastern Band of Cherokee Indians has higher rates of obesity and type 2 diabetes than the U.S. and North Carolina general populations. The Cherokee Choices program includes three main components: elementary school mentoring\, worksite wellness for adults\, and church-based health promotion. A social marketing strategy\, including television advertisements and a television documentary series\, supports the three components. School policy was altered to allow Cherokee Choices to have class time and after-school time devoted to health promotion activities. School staff have shown an interest in improving their health through attendance at fitness sessions. The credibility of the program has been validated through multiple invitations to participate in school events. Participants in the worksite wellness program have met dietary and physical activity goals\, had reductions in body fat\, and expressed enthusiasm for the program. A subcoalition has been formed to expand the worksite wellness component and link prevention efforts to health care cost reduction. Participants in the church program have walked more than 31\,600 miles collectively.","Adult,Child,Community Health Services,Culture,Diabetes Mellitus\, Type 2,Diet,Female,Health Promotion,Humans,Indians\, North American,Male,Obesity","Adult,Child,Community Health Services,Culture,Diabetes Mellitus\, Type 2,Diet,Female,Health Promotion,Humans,Indians\, North American,Male,Obesity",Preventing Chronic Disease (PCD),,,,,,,eng,Include,20,0,"Strong prevention terms: diabetes prevention program, prevention of type 2 diabetes, diabetes prevention | Other prevention terms: physical activity, diet, obesity, health promotion"
20499,"Cost-Effectiveness Analysis of Efforts to Reduce Risk of Type 2 Diabetes and Cardiovascular Disease in Southwestern Pennsylvania, 2005-2007",https://stacks.cdc.gov/view/cdc/20499,cdc:20499,"Cost-Effectiveness Analysis of Efforts to Reduce Risk of Type 2 Diabetes and Cardiovascular Disease in Southwestern Pennsylvania, 2005-2007","Smith\, Kenneth J.,Bryce\, Cindy L.,Hsu\, Heather E.,Roberts\, Mark S.,Kramer\, M. Kaye,Orchard\, Trevor J.,Piatt\, Gretchen A.,Seidel\, Miriam C.,Zgibor\, Janice C.",,Aug 15 2010,"Introduction,We assessed the cost-effectiveness of a community-based\, modified Diabetes Prevention Program (DPP) designed to reduce risk factors for type 2 diabetes and cardiovascular disease.,Methods,We developed a Markov decision model to compare costs and effectiveness of a modified DPP intervention with usual care during a 3-year period. Input parameters included costs and outcomes from 2 projects that implemented a community-based modified DPP for participants with metabolic syndrome\, and from other sources. The model discounted future costs and benefits by 3% annually.,Results,At 12 months\, usual care reduced relative risk of metabolic syndrome by 12.1%. A modified DPP intervention reduced relative risk by 16.2% and yielded life expectancy gains of 0.01 quality-adjusted life-years (3.67 days) at an incremental cost of $34.50 ($3\,420 per quality-adjusted life-year gained). In 1-way sensitivity analyses\, results were sensitive to probabilities that risk factors would be reduced with or without a modified DPP and that patients would enroll in an intervention\, undergo testing\, and acquire diabetes with or without an intervention if they were risk-factor–positive. Results were also sensitive to utilities for risk-factor–positive patients. In probabilistic sensitivity analysis\, the intervention cost less than $20\,000 per quality-adjusted life-year gained in approximately 78% of model iterations.,Conclusion,We consider the modified DPP delivered in community and primary care settings a sound investment.","Cardiovascular Diseases,Community Health Services,Cost-Benefit Analysis,Decision Support Techniques,Diabetes Mellitus\, Type 2,Diet,Humans,Life Style,Markov Chains,Sensitivity and Specificity,Time Factors","Cardiovascular Diseases,Community Health Services,Cost-Benefit Analysis,Decision Support Techniques,Diabetes Mellitus\, Type 2,Diet,Humans,Life Style,Markov Chains,Sensitivity and Specificity,Time Factors",Preventing Chronic Disease (PCD),,,,,,,eng,Include,14,0,"Strong prevention terms: diabetes prevention program, diabetes prevention, dpp | Other prevention terms: risk factor, diet"
55292,Outcomes and Economic Benefits of Penn State Extension’s Dining With Diabetes Program,https://stacks.cdc.gov/view/cdc/55292,cdc:55292,Outcomes and Economic Benefits of Penn State Extension’s Dining With Diabetes Program,"Griffie\, Debra,James\, Lynn,Goetz\, Stephan,Balotti\, Brandon,Shr\, Yau-Huo,Corbin\, Marilyn,Kelsey\, Timothy W.",,May 03 2018,"Introduction,Many diabetes education programs address the problem of diabetes\, but little attention is given to the economic impact of such programs. Our objective was to assess the effectiveness of a community-based education program in improving diabetes-related lifestyle behaviors and biomarkers and ascertain the economic benefits of the program for adults aged 18 years or older with type 2 diabetes\, prediabetes\, or no diagnosis of diabetes in Pennsylvania.,Methods,From October 2012 through June 2015\, Pennsylvania State University Extension’s Dining with Diabetes program collected data on 2\,738 adults with type 2 diabetes or prediabetes and adult family members without diabetes. The program consisted of 4 weekly 2-hour classes and a follow-up class conducted 3 months after the fourth 2-hour class. In the initial class and the follow-up class\, participants completed a lifestyle questionnaire and their hemoglobin A1c and blood pressure were measured. Economic benefit was calculated as the medical expenditure cost savings resulting from program participation.,Results,At 3-month follow-up\, a significant number of participants had improved their lifestyle behaviors (diet and physical activity)\, had reductions in hemoglobin A1c and blood pressure\, and improved their diabetes status. The Dining with Diabetes program had a 5-year benefit–cost ratio of 2.49 to 3.35.,Conclusion,Participants who completed the Dining with Diabetes program had significant improvements in diabetes-related biomarkers and lifestyle behaviors. If the Dining with Diabetes program were extended to half of the 1.3 million people living with diabetes in Pennsylvania and if they had similar improvements\, the 1-year benefit to the state would be approximately $195 million\, assuming a conservative 15% decrease in direct medical costs.","Adolescent,Adult,Biomarkers,Blood Pressure,Cost-Benefit Analysis,Diabetes Mellitus\, Type 2,Female,Humans,Life Style,Male,Middle Aged,Patient Participation,Prediabetic State,Treatment Outcome,Universities,Young Adult","Adolescent,Adult,Biomarkers,Blood Pressure,Cost-Benefit Analysis,Diabetes Mellitus\, Type 2,Female,Humans,Life Style,Male,Middle Aged,Patient Participation,Prediabetic State,Treatment Outcome,Universities,Young Adult",Preventing Chronic Disease (PCD),,,,,,,eng,Include,12,0,"Strong prevention terms: prediabetes, prediabetic state | Other prevention terms: physical activity, diet, lifestyle"
22055,Diabetes Prevention in Hispanics: Report From a Randomized Controlled Trial,https://stacks.cdc.gov/view/cdc/22055,cdc:22055,Diabetes Prevention in Hispanics: Report From a Randomized Controlled Trial,"Duggan\, Catherine,Carosso\, Elizabeth,Mariscal\, Norma,Islas\, Ilda,Ibarra\, Genoveva,Holte\, Sarah,Copeland\, Wade,Linde\, Sandra,Thompson\, Beti",,2014/02/27,"Introduction: Hispanics are at increased risk of developing type 2 diabetes. Lifestyle interventions are effective in preventing diabetes and restoring glucose regulation. Methods: We recruited Hispanic men and women (N = 320) who were residents of the Lower Yakima Valley\, Washington\, aged 18 years or older with hemoglobin A1c (HbA1c) levels higher than 6% to a parallel 2-arm randomized-controlled trial conducted from 2008 through 2012. The trial compared participants in the intervention arm\, who received an immediate educational curriculum (n = 166)\, to participants in the control arm\, who received a delayed educational curriculum (n = 154). The home-based curriculum consisted of 5 sessions led by community health workers and was designed to inform participants about diabetes\, diabetes treatment\, and healthy dietary and physical activity behaviors. Participants were randomly assigned to the intervention and control arms\, and analysts were blinded as to participant arm. We evaluated intervention effects on HbA1c levels; frequency (times per week) of fruit and vegetable consumption; and frequency (times per week) of mild\, moderate\, and strenuous leisure-time physical activity. At baseline\, 3 months\, and 6 months after randomization\, participants completed a questionnaire and provided a blood sample. Analysts were blinded to intervention arm. Results: The immediate intervention group (-0.64% [standard error (SE) 0.10]) showed a significant improvement in HbA1c scores (-37.5%\, P = .04) compared with the delayed intervention group (-0.44%\, P = .14). No significant changes were seen for dietary end points or changes in physical activity. We did observe a trend of greater increases in frequency of moderate and vigorous physical activity and a smaller increase in mild physical activity in the immediate intervention group than in the delayed intervention group. Conclusion: This home-based intervention delivered by CHWs was associated with a clinically and statistically significant reduction in HbA1c levels in Hispanic adults with HbA1c levels higher than 6%. [Description provided by NIOSH]","Blood,Diabetes Mellitus\, Type 2,Diet,Hematologic Diseases,Hemoglobin A\, Glycosylated,Hispanic or Latino,Middle Aged,Motor Activity,Occupational Health,Race Factors,Safety","Blood,Diabetes Mellitus\, Type 2,Diet,Hematologic Diseases,Hemoglobin A\, Glycosylated,Hispanic or Latino,Middle Aged,Motor Activity,Occupational Health,Race Factors,Safety",Preventing Chronic Disease,,,"Atlanta\, GA",,,,eng,Include,12,0,"Strong prevention terms: diabetes prevention, lifestyle intervention | Other prevention terms: physical activity, diet, lifestyle"
53200,When Should “Pre” Carry as Much Weight in the Diabetes Comorbidity Debate? Insights From a Population-Based Survey,https://stacks.cdc.gov/view/cdc/53200,cdc:53200,When Should “Pre” Carry as Much Weight in the Diabetes Comorbidity Debate? Insights From a Population-Based Survey,"Iranfar\, Negin,Smith\, Tyler C.",,Mar 22 2018,"Introduction,Estimates indicate that 86 million people in the United States fit the clinical definition of prediabetes\, which contributes to the epidemic of nearly 2 million new diagnoses of type 2 diabetes mellitus each year. Effort has focused on preventing prediabetes from progressing to clinical diabetes. We investigated the sociodemographic\, behavioral\, and health factors in people diagnosed with diabetes or prediabetes and associated leading indicators and comorbidities.,Methods,We used Behavioral Risk Factor Surveillance System data from 2011 through 2015 (N = 1\,699\,754). All respondents aged 18 years or older with complete covariate data were included\, differentiating between self-reported diagnosis of diabetes or prediabetes. Weighted univariate and multivariable logistic regression analyses of 28 variables were developed\, with adjusted odds of diagnosis\, and standardized coefficients were calculated to rank predictors for diabetes and prediabetes.,Results,Prevalence of prediabetes increased each year between 2011 and 2014. After adjusting for demographic\, lifestyle\, and health variables\, the most significant predictors in magnitude of importance for prediabetes and diabetes were age and body mass index. Although adjusted odds for cardiovascular disease and kidney disease were higher in respondents with diabetes than in those with prediabetes\, respondents with prediabetes had higher adjusted odds of arthritis\, depressive disorder\, cancer\, and chronic obstructive pulmonary disease.,Conclusions,Concurrent chronic diseases occur in people with prediabetes even at normal and overweight classifications. By identifying the conditions that are concomitant with diabetes\, people with prediabetes can be provided with more rigorous and individualized treatments that can lead to better population health.","Adolescent,Adult,Age Distribution,Aged,Body Mass Index,Chronic Disease,Comorbidity,Cross-Sectional Studies,Diabetes Mellitus\, Type 2,Disease Progression,Female,Humans,Male,Middle Aged,Prediabetic State,Prevalence,Risk Factors,Self Report,Socioeconomic Factors,Young Adult","Adolescent,Adult,Age Distribution,Aged,Body Mass Index,Chronic Disease,Comorbidity,Cross-Sectional Studies,Diabetes Mellitus\, Type 2,Disease Progression,Female,Humans,Male,Middle Aged,Prediabetic State,Prevalence,Risk Factors,Self Report,Socioeconomic Factors,Young Adult",Preventing Chronic Disease (PCD),,,,,,,eng,Include,11,0,"Strong prevention terms: prediabetes, prediabetic state | Other prevention terms: risk factor, overweight, lifestyle"
4161,"The Culture, Community, and Science of Type 2 Diabetes Prevention in the US Associated Pacific Islands",https://stacks.cdc.gov/view/cdc/4161,cdc:4161,"The Culture, Community, and Science of Type 2 Diabetes Prevention in the US Associated Pacific Islands","Hosey\, Gwen,Aitaoto\, Nia,Satterfield\, Dawn,Kelly\, Jane,Apaisam\, Carter J.,Belyeu-Camacho\, Tayna,deBrum\, Ione,Solidum Luces\, Patrick,Rengiil\, Augusta,Turituri\, Pasa",,Jun 15 2009,"Background,The type 2 diabetes epidemic is a global health issue\, particularly in the US Associated Pacific Islands (USAPI). Population health approaches targeting policy development and environmental transformations can help prevent or delay diabetes and related complications.,Context,Since 1986\, the Centers for Disease Control and Prevention\, Division of Diabetes Translation has provided financial support to 6 USAPI jurisdictions for diabetes prevention and control programs. Geographic isolation\, shortages of health care professionals\, dependence on US and international aid\, and persistent health care funding challenges are constant concerns in these jurisdictions.,Methods,In September 2007\, representatives from USAPI diabetes prevention and control programs\, the Papa Ola Lökahi Pacific Diabetes Education Program\, and the Division of Diabetes Translation met to collectively assess program goals within the Essential Public Health Services framework. Participants shared examples of integrated approaches to health promotion and diabetes prevention.,Consequences,Despite persistent health care funding challenges\, the assessment showed the resourcefulness of the islands' diabetes programs in leveraging resources\, creating policy and environmental interventions\, and strengthening connections in the traditional cultural systems.,Interpretation,Population health approaches used in island jurisdictions reflect the resilience of the islands' cultures in navigating between traditional and Western ways of life. Attention to the interface of cultural knowledge and Western science provides the USAPI diabetes prevention and control programs with opportunities to create strong\, sustained partnerships with the shared vision of transforming social and environmental conditions so that they can support healthy people living in healthy island communities.","Community Case Study,Community Health Services,Consumer Participation,Diabetes Mellitus\, Type 2,Health Promotion,Humans","Community Case Study,Community Health Services,Consumer Participation,Diabetes Mellitus\, Type 2,Health Promotion,Humans",Preventing Chronic Disease (PCD),,,,,,,eng,Include,11,0,"Strong prevention terms: prevent or delay, diabetes prevention | Other prevention terms: health promotion"
151083,"Prevalence of Testing for Diabetes Among US Adults With Overweight or Obesity, 2016–2019",https://stacks.cdc.gov/view/cdc/151083,cdc:151083,"Prevalence of Testing for Diabetes Among US Adults With Overweight or Obesity, 2016–2019","Chen\, Yu,Lundeen\, Elizabeth A.,Koyama\, Alain K.,Kompaniyets\, Lyudmyla,Andes\, Linda J.,Benoit\, Stephen R.,Imperatore\, Giuseppina,Rolka\, Deborah B.",,12 28 2023,"Introduction,Screening for prediabetes and type 2 diabetes may allow earlier detection\, diagnosis\, and treatment. The US Preventive Services Task Force recommends screening every 3 years for abnormal blood glucose among adults aged 40 to 70 years with overweight or obesity. Using IQVIA Ambulatory Electronic Medical Records\, we estimated the proportion of adults aged 40 to 70 years with overweight or obesity who received blood glucose testing within 3 years from baseline in 2016.,Methods,We identified 1\,338\,509 adults aged 40 to 70 years with overweight or obesity in 2016 and without pre-existing diabetes. We included adults whose records were present in the data set for at least 2 years before their index body mass index (BMI) in 2016 and 3 years after the index BMI (2017–2019)\, during which we examined the occurrence of blood glucose testing. We calculated the unadjusted and adjusted prevalence of receiving blood glucose testing.,Results,The unadjusted prevalence of receiving blood glucose testing was 33.4% when it was defined as having a hemoglobin A1c or fasting plasma glucose measure. The unadjusted prevalence was 74.3% when we expanded the definition of testing to include random plasma glucose and unspecified glucose measures. Adults with obesity were more likely to receive the test than those with overweight. Men (vs women) and adults aged 50 to 59 years (vs other age groups) had higher testing rates.,Conclusion,Our findings could inform clinical and public health promotion efforts to improve screening for blood glucose levels among adults with overweight or obesity.","Adult,Male,Female,Humans,Overweight,Blood Glucose,Diabetes Mellitus\, Type 2,Prevalence,Obesity,Body Mass Index","Adult,Blood Glucose,Body Mass Index,Diabetes Mellitus\, Type 2,Female,Humans,Male,Obesity,Overweight,Prevalence",Preventing Chronic Disease (PCD),,,,,,,eng,Include,10,0,"Strong prevention terms: prediabetes | Other prevention terms: obesity, overweight, screening, health promotion"
20083,Identifying Supports and Barriers to Physical Activity in Patients at Risk for Diabetes,https://stacks.cdc.gov/view/cdc/20083,cdc:20083,Identifying Supports and Barriers to Physical Activity in Patients at Risk for Diabetes,"Donahue\, Katrina E,Mielenz\, Thelma J,Callahan\, Leigh F,Sloane\, Philip D,Devellis\, Robert F",,Sep 15 2006,"Introduction,Recent clinical trials have demonstrated that increasing physical activity among patients at risk for diabetes can prevent or delay the onset of type 2 diabetes. In this study\, we surveyed primary care patients at risk for diabetes to 1) describe physical activity habits\, supports\, and barriers; 2) identify characteristics associated with increased physical activity; and 3) develop and assess the psychometric properties of an instrument that measures influences on physical activity.,Methods,A cross-sectional sample of 522 high-risk adults who attended 14 North Carolina primary care family practices were mailed a survey about physical activity and supports of and barriers to physical activity. Risk status was determined by the American Diabetes Association's diabetes risk test. Exploratory principal components factor analyses were conducted on the influences on physical activity instrument. Predictive logistic regression models were used for the dichotomous outcome\, meeting recommended Healthy People 2010 activity levels.,Results,Of the 258 respondents (56% response rate)\, 56% reported at least 150 minutes of moderate or vigorous activity per week. Higher education remained a significant demographic predictor of activity (odds ratio [OR]\, 1.72; 95% confidence interval [CI]\, 1.08–2.75). Participants were less likely to be physically active if they reported that activity is a low priority (OR\, 0.45; 95% CI\, 0.23–0.89)\, were worried about injury (OR\, 0.42; 95% CI\, 0.25–0.69)\, or had difficulty finding time for activity (OR\, 0.38; 95% CI\, 0.17–0.87).,Conclusion,Participants at risk for diabetes who prioritize physical activity\, make time for activity\, and are less worried about injury have higher odds of being physically active. Primary care practice and community interventions should consider targeting these areas of success to increase physical activity in sedentary individuals at risk for diabetes.","Adolescent,Adult,Aged,Cross-Sectional Studies,Diabetes Mellitus\, Type 2,Exercise,Female,Health Knowledge\, Attitudes\, Practice,Health Status Indicators,Humans,Male,Middle Aged,Models\, Statistical,Principal Component Analysis,Questionnaires","Adolescent,Adult,Aged,Cross-Sectional Studies,Diabetes Mellitus\, Type 2,Exercise,Female,Health Knowledge\, Attitudes\, Practice,Health Status Indicators,Humans,Male,Middle Aged,Models\, Statistical,Principal Component Analysis,Questionnaires",Preventing Chronic Disease (PCD),,,,,,,eng,Include,9,0,"Strong prevention terms: prevent or delay | Other prevention terms: physical activity, community intervention"
29611,"A Comparison of Cardiometabolic Risk Factors in Households in Rural Uganda With and Without a Resident With Type 2 Diabetes, 2012–2013",https://stacks.cdc.gov/view/cdc/29611,cdc:29611,"A Comparison of Cardiometabolic Risk Factors in Households in Rural Uganda With and Without a Resident With Type 2 Diabetes, 2012–2013","Nielsen\, Jannie,Bahendeka\, Silver K.,Gregg\, Edward W.,Whyte\, Susan R.,Bygbjerg\, Ib C.,Meyrowitsch\, Dan W.",,Apr 02 2015,"Introduction,Few studies have examined the health consequences of living in a household with a person who has been diagnosed with type 2 diabetes (T2D). We assessed the association of sharing a household with a person with diagnosed T2D and risk factors for cardio-metabolic diseases in Uganda\, a low-income country.,Methods,Ninety households with 437 residents in southwestern Uganda were studied from December 2012 through March 2013. Forty-five of the households had a member with diagnosed T2D (hereafter “diabetic household”)\, and 45 households had no member with diagnosed T2D (hereafter “nondiabetic household”). We compared glycosylated hemoglobin (HbA1c)\, fasting plasma glucose (FPG)\, hypertension\, anthropometry\, aerobic capacity\, physical activity\, nutrition\, smoking\, and diabetes-related knowledge of people without diagnosed T2D living in diabetic and nondiabetic households.,Results,People living in diabetic households had a significantly higher level of diabetes-related knowledge\, lower levels of FPG (5.6 mmol/L vs 6.0 mmol/L)\, and fewer smoked (1.3% vs 12.9%) than residents of nondiabetic households. HbA1c was significantly lower in people aged 30 years or younger (5.2% vs 5.4%) and in males (5.2% vs 5.4%) living in diabetic households compared to residents of nondiabetic households. No differences were found between the 2 types of households in overweight and obesity\, upper-arm fat area\, intake of staple foods or cooking oil\, or physical activity.,Conclusions,Sharing a household with a person with T2D may have unexpected benefits on the risk factor profile for cardio-metabolic diseases\, probably because of improved health behaviors and a closer connection with the health care system. Thus\, future studies should consider the household for interventions targeting primary and secondary prevention of T2D.","Adolescent,Adult,Aged,Aged\, 80 and over,Anthropometry,Blood Glucose,Cardiovascular Diseases,Catchment Area\, Health,Cross-Sectional Studies,Diabetes Mellitus\, Type 2,Diet,Exercise,Female,Glycated Hemoglobin A,Health Knowledge\, Attitudes\, Practice,Health Promotion/methods,Humans,Male,Middle Aged,Residence Characteristics,Risk Factors,Rural Population,Surveys and Questionnaires,Young Adult","Adolescent,Adult,Aged,Aged\, 80 and over,Anthropometry,Blood Glucose,Cardiovascular Diseases,Catchment Area\, Health,Cross-Sectional Studies,Diabetes Mellitus\, Type 2,Diet,Exercise,Female,Glycated Hemoglobin A,Health Knowledge\, Attitudes\, Practice,Health Promotion/methods,Humans,Male,Middle Aged,Residence Characteristics,Risk Factors,Rural Population,Surveys and Questionnaires,Young Adult",Preventing Chronic Disease (PCD),,,,,,,eng,Include,8,0,"Other prevention terms: risk factor, physical activity, diet, obesity, overweight, health promotion"
20595,Forecasting Diabetes Prevalence in California: A Microsimulation,https://stacks.cdc.gov/view/cdc/20595,cdc:20595,Forecasting Diabetes Prevalence in California: A Microsimulation,"Shi\, Lu,van Meijgaard\, Jeroen,Fielding\, Jonathan",,Jun 15 2011,"Introduction,Setting a goal for controlling type 2 diabetes is important for planning health interventions. The purpose of this study was to explore what may be a feasible goal for type 2 diabetes prevention in California.,Methods,We used the UCLA Health Forecasting Tool\, a microsimulation model that simulates individual life courses in the population\, to forecast the prevalence of type 2 diabetes in California's adult population in 2020. The first scenario assumes no further increases in average body mass index (BMI) for cohorts entering adolescence after 2003. The second scenario assumes a gradual BMI decrease for children entering adolescence after 2010. The third scenario builds on the second by extending the same BMI decrease to people aged 12 to 65 years. The fourth scenario builds on the third by eliminating racial/ethnic disparities in physical activity.,Results,We found the predicted diabetes prevalence of the first\, second\, third\, and fourth scenarios in 2020 to be 9.93%\, 9.91%\, 9.76%\, and 9.77%\, respectively. We found obesity prevalence for type 2 diabetes patients in 2020 to be 34.2%\, 34.0%\, 25.7%\, and 25.6% for the 4 scenarios. Life expectancy in the third (80.56 y) and fourth (80.94 y) scenarios compared favorably with that of the first (80.32 y) and second (80.32 y) scenarios.,Conclusion,For the next 10 years\, behavioral risk factor modifications are more likely to affect obesity prevalence and life expectancy in the general population and obesity prevalence among diabetic patients than to alter type 2 diabetes prevalence in the general population. We suggest setting more specific goals for reducing the prevalence of diabetes\, such as reducing obesity-related diabetes complications\, which may be more feasible and easier to evaluate than the omnibus goal of lowering overall type 2 diabetes prevalence by 2020.","Original Research,Adolescent,Adult,Aged,Child,Diabetes Mellitus\, Type 2,Feasibility Studies,Female,Forecasting,Health Planning,Health Status Disparities,Healthcare Disparities,Humans,Male,Middle Aged,Prevalence,Retrospective Studies,Young Adult","Adolescent,Adult,Aged,Child,Diabetes Mellitus\, Type 2,Feasibility Studies,Female,Forecasting,Health Planning,Health Status Disparities,Healthcare Disparities,Humans,Male,Middle Aged,Original Research,Prevalence,Retrospective Studies,Young Adult",Preventing Chronic Disease (PCD),,,,,,,eng,Include,8,4,"Strong prevention terms: diabetes prevention | Other prevention terms: risk factor, physical activity, obesity | Established-diabetes terms: diabetes complications"
26463,"Blood Glucose Screening Rates Among Minnesota Adults With Hypertension, Behavioral Risk Factor Surveillance System, 2011",https://stacks.cdc.gov/view/cdc/26463,cdc:26463,"Blood Glucose Screening Rates Among Minnesota Adults With Hypertension, Behavioral Risk Factor Surveillance System, 2011","Kidney\, Renée S.M.,Peacock\, James M.,Smith\, Steven A.",,Nov 26 2014,"Introduction,Many US adults have multiple chronic conditions\, and hypertension and diabetes are among the most common dyads. Diabetes and prediabetes prevalence are increasing\, and both conditions negatively affect cardiovascular health. Early diagnosis and treatment of diabetes and prediabetes can benefit people with hypertension by preventing cardiovascular complications.,Methods,We analyzed 2011 Minnesota Behavioral Risk Factor Surveillance System data to describe the proportion of adults with hypertension screened for diabetes according to US Preventive Services Task Force Recommendations for blood glucose testing. Covariates associated with lower odds of recent screening among adults without diabetes were determined using weighted logistic regression.,Results,Of Minnesota adults with self-reported hypertension\, 19.6% had a diagnosis of diabetes and 10.7% had a diagnosis of prediabetes. Nearly one-third of adults with hypertension without diabetes had not received blood glucose screening in the past 3 years. Factors associated with greater odds of not being screened in multivariable models included being aged 18 to 44 years (adjusted odds ratio [AOR]\, 1.77; 95% confidence interval [CI]\, 1.23–2.55); being nonobese\, with stronger effects for normal body mass index; having no check-up in the past 2 years (AOR\, 2.49; 95% CI\, 1.49–4.17); having hypertension treated with medication (AOR\, 2.01; 95% CI\, 1.49–2.71); and completing less than a college degree (AOR\, 1.45; 95% CI\, 1.14–1.84). Excluding respondents with prediabetes or those not receiving a check-up did not change the results.,Conclusions,Failure to screen among providers and failure to understand the importance of screening among individuals with hypertension may mean missed opportunities for early detection\, clinical management\, and prevention of diabetes.","Original Research,Adolescent,Adult,Behavioral Risk Factor Surveillance System,Blood Glucose,Diabetes Mellitus\, Type 2,Humans,Hypertension,Young Adult","Adolescent,Adult,Behavioral Risk Factor Surveillance System,Blood Glucose,Diabetes Mellitus\, Type 2,Humans,Hypertension,Original Research,Young Adult",Preventing Chronic Disease (PCD),,,,,,,eng,Include,7,0,"Strong prevention terms: prediabetes | Other prevention terms: risk factor, screening"
21008,"Gestational Age, Infant Birth Weight, and Subsequent Risk of Type 2 Diabetes in Mothers: Nurses’ Health Study II",https://stacks.cdc.gov/view/cdc/21008,cdc:21008,"Gestational Age, Infant Birth Weight, and Subsequent Risk of Type 2 Diabetes in Mothers: Nurses’ Health Study II","James-Todd\, Tamarra M.,Karumanchi\, S. Ananth,Hibert\, Eileen L.,Mason\, Susan M.,Vadnais\, Mary A.,Hu\, Frank B.,Rich-Edwards\, Janet W.",,Sep 19 2013,"Introduction,Women with a history of gestational diabetes mellitus (GDM) are at higher risk of developing type 2 diabetes (T2DM); however\, little is known about the association between other common pregnancy complications (eg\, preterm birth\, macrosomia) and T2DM risk. We examined the associations between first-pregnancy preterm\, post term birth\, low birth weight\, and macrosomia with subsequent risk of T2DM.,Methods,We conducted a prospective cohort study of Nurses’ Health Study II (NHSII) participants; 51\,728 women in the study had a single live birth and complete pregnancy history. NHSII confirmed incident diabetes mellitus through supplemental questionnaires. Participants were followed from year of first birth until 2005. We defined gestational age as very preterm (20 to ≤32 weeks)\, moderate preterm (33 to ≤37 weeks)\, term (38 to ≤42 weeks)\, and post term (≥43 weeks). We defined low birth weight as an infant born at term weighing less than 5.5 pounds\, and we defined macrosomia as an infant born at term weighing 10 pounds or more. We used Cox proportional hazards models\, adjusting for potential confounders.,Results,Women with a very preterm birth (2%) had an increased T2DM risk (adjusted hazard ratio\, 1.34; 95% confidence interval [CI]\, 1.05–1.71). This increased risk emerged in the decade following pregnancy. Macrosomia (1.5%) was associated with a 1.61 increased T2DM risk\, after adjusting for risk factors\, including GDM (95% CI\, 1.24–2.08). This association was apparent within the first 5 years after pregnancy. Moderate preterm and term low birth weight did not significantly increase the risk of T2DM over the 35-year follow-up time.,Conclusion,Women who experienced a very preterm birth or had an infant that weighed 10 pounds or more may benefit from lifestyle intervention to reduce T2DM risk. If replicated\, these findings could lead to a reduced risk of T2DM through improved primary care for women experiencing a preterm birth or an infant of nonnormal birth weight.","Birth Weight,Diabetes Mellitus\, Type 2,Female,Gestational Age,Humans,Infant,Pregnancy,Risk Factors","Birth Weight,Diabetes Mellitus\, Type 2,Female,Gestational Age,Humans,Infant,Pregnancy,Risk Factors",Preventing Chronic Disease (PCD),,,,,,,eng,Include,6,0,"Strong prevention terms: lifestyle intervention | Other prevention terms: risk factor, lifestyle"
20206,Translating a Community-Based Motivational Support Program to Increase Physical Activity Among Older Adults With Diabetes at Community Clinics: A Pilot Study of Physical Activity for a Lifetime of Success (PALS),https://stacks.cdc.gov/view/cdc/20206,cdc:20206,Translating a Community-Based Motivational Support Program to Increase Physical Activity Among Older Adults With Diabetes at Community Clinics: A Pilot Study of Physical Activity for a Lifetime of Success (PALS),"Phelan\, Elizabeth A,Batik\, Odette,Walwick\, Julie A,Wang\, Grace,LoGerfo\, James P",,Dec 15 2007,"Background,Regular physical activity is an important goal for elders with chronic health conditions.,Context,This report describes Physical Activity for a Lifetime of Success (PALS)\, an attempt to translate a motivational support program for physical activity\, Active Choices\, for use by a group of diverse\, low-income\, community-dwelling elders with diabetes.,Methods,PALS linked physical activity assessment and brief counseling by primary care providers with a structured referral to a community-based motivational telephone support program delivered by older adult volunteers. People with diabetes aged 65 years or older who were receiving care at two community clinics were randomized to receive either immediate or delayed intervention. The main intended outcome measure was physical activity level; the secondary outcome measure was mean hemoglobin A1c.,Consequences,One-third of those offered referral to the PALS program in the clinic setting declined. Another 44% subsequently declined enrollment or were unreachable by the support center. Only 14 (21%) of those offered referral enrolled in the program. Among these 14\, the percentage who were sufficiently active was higher at follow-up than at enrollment\, though not significantly so. Using an intent-to-treat analysis\, which included all randomized clinic patients\, we found no significant change in mean hemoglobin A1c for the intervention group compared with controls.,Interpretation,A community-based referral and support program to increase physical activity among elderly\, ethnically diverse\, low-income people with diabetes\, many of whom are not English-speaking\, may be thwarted by unforeseen barriers. Those who enroll and participate in the PALS program appear to increase their level of physical activity.","Community Case Study,Aged,Aging,Community Health Centers,Diabetes Mellitus\, Type 2,Female,Health Promotion,Humans,Intervention Studies,Life Expectancy,Male,Motivation,Motor Activity,Outcome Assessment (Health Care),Pilot Projects,Preventive Health Services,Program Development,Program Evaluation,Quality of Life,Social Support,Socioeconomic Factors","Aged,Aging,Community Case Study,Community Health Centers,Diabetes Mellitus\, Type 2,Female,Health Promotion,Humans,Intervention Studies,Life Expectancy,Male,Motivation,Motor Activity,Outcome Assessment (Health Care),Pilot Projects,Preventive Health Services,Program Development,Program Evaluation,Quality of Life,Social Support,Socioeconomic Factors",Preventing Chronic Disease (PCD),,,,,,,eng,Include,6,0,"Other prevention terms: physical activity, referral, health promotion"
20117,"Mexican Americans With Type 2 Diabetes: Perspectives on Definitions, Motivators, and Programs of Physical Activity",https://stacks.cdc.gov/view/cdc/20117,cdc:20117,"Mexican Americans With Type 2 Diabetes: Perspectives on Definitions, Motivators, and Programs of Physical Activity","Mier\, Nelda,Medina\, Alvaro A,Ory\, Marcia G",,Mar 15 2007,"Introduction,Research documents that Mexican Americans bear excess health risk because of physical inactivity and have higher morbidity and mortality rates from chronic diseases than do other ethnic groups. Factors influencing physical activity in this minority population\, however\, are not well understood. This study examines perceptions of physical activity in a population of Mexican Americans who have type 2 diabetes and live in the Texas-Mexico border region and identifies motivators and barriers to physical activity in this group.,Methods,This study used a qualitative research design and employed six focus groups comprising 39 Mexican Americans with type 2 diabetes who live in the Texas–Mexico border region. A team of bilingual Mexican American researchers systematically reviewed and analyzed focus group data by means of qualitative data analysis software. The study was conducted during 2005–2006.,Results,Most participants considered physical activity to be related not only to exercise but also to occupational and home activities. Walking was the preferred type of activity. Motivators to physical activity included family support and the sense of well-being derived from physical activity. Barriers to physical activity included individual and environmental factors\, such as lack of time\, physical pain\, depression\, being overweight\, unsafe neighborhoods\, and lack of facilities. Participants suggested that the ideal intervention would be low in cost\, family-based\, close to home\, and led by bilingual instructors.,Conclusion,Health promotion efforts to prevent or reduce the effects of chronic disease among Mexican Americans with type 2 diabetes in the Texas–Mexico border region should focus on implementing neighborhood-based\, family-oriented walking interventions.","Original Research,Adult,Diabetes Mellitus\, Type 2,Female,Focus Groups,Humans,Male,Mexican Americans,Middle Aged,Motivation,Motor Activity,Prevalence,Risk Factors","Adult,Diabetes Mellitus\, Type 2,Female,Focus Groups,Humans,Male,Mexican Americans,Middle Aged,Motivation,Motor Activity,Original Research,Prevalence,Risk Factors",Preventing Chronic Disease (PCD),,,,,,,eng,Include,6,0,"Other prevention terms: risk factor, physical activity, overweight, health promotion"
20102,Modifiable Risk Factors for Developing Diabetes Among Women With Previous Gestational Diabetes,https://stacks.cdc.gov/view/cdc/20102,cdc:20102,Modifiable Risk Factors for Developing Diabetes Among Women With Previous Gestational Diabetes,"Yun\, Shumei,Kabeer\, Nisreen H,Zhu\, Bao-Ping,Brownson\, Ross C",,Dec 15 2006,"Introduction,Gestational diabetes mellitus (GDM) affects approximately 2% to 4% of all pregnant women in the United States each year. Women who have had GDM are at high risk for developing nongestational diabetes. The objective of this study was to assess the prevalence of modifiable risk factors for developing diabetes among women with previous GDM only.,Methods,Cross-sectional data for nonpregnant women from the 2003 Behavioral Risk Factor Surveillance System were used to estimate and compare the prevalence of modifiable risk factors among three groups: nonpregnant women with previous GDM only\, nonpregnant women with current diabetes\, and nonpregnant women without diabetes.,Results,In 2003\, 7.6% of nonpregnant women aged 18 years and older in the United States had current self-reported physician-diagnosed diabetes\, and 1.5% had previous GDM only. Compared with women without diabetes\, women with previous GDM only had higher prevalence of no leisure-time physical activity (32.0% vs 25.7%)\, overweight (62.2% vs 49.0%)\, and obesity (29.4% vs 20.0%). After adjusting for sociodemographic variables\, women with previous GDM only were more likely to have no leisure-time physical activity (prevalence odds ratio [POR]\, 1.4; 95% confidence interval [CI]\, 1.2–1.7) and more likely to be overweight (POR\, 1.8; 95% CI\, 1.6–2.2) or obese (POR\, 1.7; 95% CI\, 1.4–2.1)\, compared with women with no diabetes.,Conclusion,Women with previous GDM are more likely to have modifiable risk factors for developing diabetes than women without diabetes. More attention to this issue is needed from health care providers and public health officials to encourage the promotion of healthy lifestyles during and after pregnancy.","Adolescent,Adult,Aged,Cross-Sectional Studies,Diabetes Mellitus\, Type 2,Diabetes\, Gestational,Female,Humans,Middle Aged,Motor Activity,Overweight,Pregnancy,Risk Factors","Adolescent,Adult,Aged,Cross-Sectional Studies,Diabetes Mellitus\, Type 2,Diabetes\, Gestational,Female,Humans,Middle Aged,Motor Activity,Overweight,Pregnancy,Risk Factors",Preventing Chronic Disease (PCD),,,,,,,eng,Include,6,0,"Other prevention terms: risk factor, physical activity, obesity, overweight, lifestyle"
113215,Type 2 Diabetes Among Filipino American Adults in the Multiethnic Cohort,https://stacks.cdc.gov/view/cdc/113215,cdc:113215,Type 2 Diabetes Among Filipino American Adults in the Multiethnic Cohort,"Raquinio\, Phyllis Aira Sheer H.,Maskarinec\, Gertraud,Dela Cruz\, Rica,Setiawan\, Veronica W.,Kristal\, Bruce S.,Wilkens\, Lynne R.,Le Marchand\, Loïc",,11 24 2021,"Introduction,Several Asian racial and ethnic groups\, including individuals of Filipino ancestry\, are at higher risk of developing type 2 diabetes than White individuals\, despite their lower body mass index (BMI). This study examined determinants of type 2 diabetes among Filipino American adults in the Multiethnic Cohort Study.,Methods,Participants in Hawaii and Los Angeles completed questionnaires on demographics\, diet\, and anthropometrics. Generational status was determined according to birthplace of participants and their parents. Based on self-reported data and data on medications\, type 2 diabetes status was classified as no\, prevalent\, or incident. We used polytomous logistic regression\, while adjusting for confounders\, to obtain odds ratios.,Results,Among 10\,681 Multiethnic Cohort Study participants reporting any Filipino ancestry\, 57% were 1st-\, 17% were 2nd-\, and 25% were 3rd-generation Filipino Americans. Overall\, 13% and 17% of participants had a prevalent or incident type 2 diabetes diagnosis. Overweight and obesity and the presence of other risk factors increased from the 1st to subsequent generations. First-generation immigrants were less likely to report type 2 diabetes at cohort entry than immigrants of subsequent generations who were born in the US or whose parents were born in the US; only the prevalence of type 2 diabetes was significantly elevated in the 2nd generation compared with the 1st generation.,Conclusion,The results support the hypothesis that Filipino migrants adopt lifestyle factors of the host country and subsequent generations experience higher type 2 diabetes rates due to changes in risk factor patterns.","Original Research,Adult,Asian,Body Mass Index,Cohort Studies,Diabetes Mellitus\, Type 2,Humans,White People","Adult,Asian,Body Mass Index,Cohort Studies,Diabetes Mellitus\, Type 2,Humans,Original Research,White People",Preventing Chronic Disease (PCD),,,,,,,eng,Include,5,0,"Other prevention terms: risk factor, diet, obesity, overweight, lifestyle"
49460,"Using Geographical Convergence of Obesity, Cardiovascular Disease, and Type 2 Diabetes at the Neighborhood Level to Inform Policy and Practice",https://stacks.cdc.gov/view/cdc/49460,cdc:49460,"Using Geographical Convergence of Obesity, Cardiovascular Disease, and Type 2 Diabetes at the Neighborhood Level to Inform Policy and Practice","Smurthwaite\, Kayla,Bagheri\, Nasser",,Oct 12 2017,"Introduction,Chronic diseases are increasing across the world. Examination of local geographic variation in chronic disease patterns can enable policy makers to identify inequalities in health outcomes and tailor effective interventions to communities at higher risk. Our study aimed to determine the geographic variation of obesity\, cardiovascular disease (CVD)\, and type 2 diabetes\, using general practice clinical data. Further objectives included identifying regions of significantly high and low clusters of these conditions and assessing their association with sociodemographic characteristics.,Methods,A cross-sectional approach was used to determine the prevalence of obesity\, CVD\, and type 2 diabetes in western Adelaide\, Australia. The Getis-Ord Gi* method was used to identify significant hot spots of the conditions. Additionally\, we used the Pearson correlation test to determine the association between disease clusters and risk factors\, including socioeconomic status (SES)\, smoking history\, and alcohol consumption.,Results,The spatial distribution of obesity\, CVD\, and type 2 diabetes varied across communities. Hot spots of these conditions converged in 3 locations across western Adelaide. An inverse relationship was observed between area-level prevalence of CVD\, obesity\, and type 2 diabetes with SES.,Conclusion,Identification of significant disease clusters can help policy makers to target prevention strategies at the right people\, in the right location. The approach taken in our study can be applied to identify clusters of other chronic diseases across the world\, wherever researchers have access to clinical data.","Adult,Age Distribution,Aged,Cardiovascular Diseases,Cluster Analysis,Cross-Sectional Studies,Diabetes Mellitus\, Type 2,Female,Geographic Mapping,Humans,Male,Middle Aged,Obesity,Prevalence,Residence Characteristics,Risk Factors,Social Class","Adult,Age Distribution,Aged,Cardiovascular Diseases,Cluster Analysis,Cross-Sectional Studies,Diabetes Mellitus\, Type 2,Female,Geographic Mapping,Humans,Male,Middle Aged,Obesity,Prevalence,Residence Characteristics,Risk Factors,Social Class",Preventing Chronic Disease (PCD),,,,,,,eng,Include,5,0,"Other prevention terms: risk factor, obesity, prevention strategies"
40762,"Using Qualitative Methods to Understand Physical Activity and Weight Management Among Bangladeshis in New York City, 2013",https://stacks.cdc.gov/view/cdc/40762,cdc:40762,"Using Qualitative Methods to Understand Physical Activity and Weight Management Among Bangladeshis in New York City, 2013","Riley\, Lindsey,Mili\, Saima,Trinh-Shevrin\, Chau,Islam\, Nadia",,Jul 07 2016,"Introduction,South Asians experience high rates of cardiovascular disease and type 2 diabetes\, coupled with low rates of reported physical activity. We report findings from a qualitative sub-study that was conducted in 2013 among Bangladeshi immigrants in New York City to understand factors that affect physical activity practices and weight management in this community.,Methods,Qualitative study participants were recruited from community-based settings. Sex-specific focus groups were conducted by trained community health workers. Proceedings were audio-recorded for translation and transcription and coded using a constant comparative approach. Data were coded using Atlas.ti software.,Results,Six focus groups were completed with a final sample of 67 participants (63% male\, 37% female). Mean participant age was 42 years; mean years of residence in the United States was 12. Key themes that emerged were beliefs about modesty and sex-separated facilities that may prevent women from engaging in physical activity. Distinctions were made between men and women about what constitutes exercise versus physical activity; religious prayer was considered to be health-promoting because of the movement involved. Other important themes that emerged were cultural dietary practices and evolving conceptions of healthy weight.,Conclusion,Tailored interventions that take into account the cultural context of this growing community are needed. Findings may also provide insight into barriers to health promotion experienced by other US Muslim communities\, which are growing rapidly.","Adolescent,Adult,Aged,Body Weight Maintenance,Cardiovascular Diseases,Community Participation,Cultural Competency,Diabetes Mellitus\, Type 2,Emigrants and Immigrants,Exercise,Female,Focus Groups,Health Knowledge\, Attitudes\, Practice,Health Promotion,Humans,Male,Middle Aged,Qualitative Research,Socioeconomic Factors,Young Adult","Adolescent,Adult,Aged,Body Weight Maintenance,Cardiovascular Diseases,Community Participation,Cultural Competency,Diabetes Mellitus\, Type 2,Emigrants and Immigrants,Exercise,Female,Focus Groups,Health Knowledge\, Attitudes\, Practice,Health Promotion,Humans,Male,Middle Aged,Qualitative Research,Socioeconomic Factors,Young Adult",Preventing Chronic Disease (PCD),,,,,,,eng,Include,5,0,"Other prevention terms: physical activity, diet, health promotion"
24740,"The Geography of Diabetes by Census Tract in a Large Sample of Insured Adults in King County, Washington, 2005–2006",https://stacks.cdc.gov/view/cdc/24740,cdc:24740,"The Geography of Diabetes by Census Tract in a Large Sample of Insured Adults in King County, Washington, 2005–2006","Drewnowski\, Adam,Rehm\, Colin D.,Moudon\, Anne V.,Arterburn\, David",,Jul 24 2014,"Introduction,Identifying areas of high diabetes prevalence can have an impact on public health prevention and intervention programs. Local health practitioners and public health agencies lack small-area data on obesity and diabetes.,Methods,Clinical data from the Group Health Cooperative health care system were used to estimate diabetes prevalence among 59\,767 adults by census tract. Area-based measures of socioeconomic status and the Modified Retail Food Environment Index were obtained at the census-tract level in King County\, Washington. Spatial analyses and regression models were used to assess the relationship between census tract–level diabetes and area-based socioeconomic status and food environment variables. The mediating effect of obesity on the geographic distribution of diabetes was also examined.,Results,In this population of insured adults\, diabetes was concentrated in south and southeast King County\, with smoothed diabetes prevalence ranging from 6.9% to 21.2%. In spatial regression models\, home value and college education were more strongly associated with diabetes than was household income. For each 50% increase in median home value\, diabetes prevalence was 1.2 percentage points lower. The Modified Retail Food Environment Index was not related to diabetes at the census-tract level. The observed associations between area-based socioeconomic status and diabetes were largely mediated by obesity (home value\, 58%; education\, 47%).,Conclusion,The observed geographic disparities in diabetes among insured adults by census tract point to the importance of area socioeconomic status. Small-area studies can help health professionals design community-based programs for diabetes prevention and control.","Adult,Aged,Bayes Theorem,Censuses,Cluster Analysis,Diabetes Mellitus\, Type 1,Diabetes Mellitus\, Type 2,Electronic Health Records,Female,Food Supply,Health Maintenance Organizations,Healthcare Disparities,Humans,Insurance Coverage,Male,Middle Aged,Obesity,Population Density,Prevalence,Regression Analysis,Small-Area Analysis,Social Class,Spatial Analysis","Adult,Aged,Bayes Theorem,Censuses,Cluster Analysis,Diabetes Mellitus\, Type 1,Diabetes Mellitus\, Type 2,Electronic Health Records,Female,Food Supply,Health Maintenance Organizations,Healthcare Disparities,Humans,Insurance Coverage,Male,Middle Aged,Obesity,Population Density,Prevalence,Regression Analysis,Small-Area Analysis,Social Class,Spatial Analysis",Preventing Chronic Disease (PCD),,,,,,,eng,Include,5,0,Strong prevention terms: diabetes prevention | Other prevention terms: obesity
19711,"Independent Association of Waist Circumference With Hypertension and Diabetes in African American Women, South Carolina, 2007–2009",https://stacks.cdc.gov/view/cdc/19711,cdc:19711,"Independent Association of Waist Circumference With Hypertension and Diabetes in African American Women, South Carolina, 2007–2009","Warren\, Tatiana Y.,Wilcox\, Sara,Dowda\, Marsha,Baruth\, Meghan",,May 24 2012,"Introduction,Obesity is associated with hypertension and diabetes\, which are independent risk factors for cardiovascular disease (CVD); 53% of African American women are obese. Of the approximately 44% of African American women who are hypertensive\, more than 87% are overweight or obese. Additionally\, more than twice as many African American women (13.1%) as white women (6.1%) have been diagnosed with type 2 diabetes. Obesity is usually measured using body mass index (BMI). However\, abdominal adiposity may be more predictive of CVD risk than BMI. This study investigates the independent association of waist circumference with hypertension and diabetes in African American women.,Methods,As part of the Faith\, Activity\, and Nutrition (FAN) program\, we recruited 843 African American women (mean age 53.8 y [SD\, 14.1 y]) from African Methodist Episcopal churches. If a participant reported she had hypertension or had measured systolic blood pressure at or higher than 140 mm Hg or measured diastolic blood pressure at or higher than 90 mm Hg\, she was classified as having hypertension. To assess increased health risks associated with waist circumference\, we used the World Health Organization’s standards to categorize waist circumference as normal risk (waist circumference <80 cm)\, increased risk (waist circumference 80–88 cm)\, or substantially increased risk (waist circumference >88 cm). We used logistic regression models to test predictors of hypertension and diabetes.,Results,Of 843 study participants\, 205 had diabetes and 545 were hypertensive. Women with a waist circumference of 88 cm or more were at increased risk for hypertension (odds ratio [OR] = 7.17\, P < .002) and diabetes (OR = 6.99\, P < .001). Associations remained after controlling for all variables (hypertension OR = 5.53\, P < .001; diabetes\, OR = 5.38\, P < .001).,Conclusion,After controlling for all variables\, waist circumference was independently associated with a 5-fold risk in hypertension and diabetes in African American women.","Adult,Black or African American,Aged,Cardiovascular Diseases,Cereals,Community-Based Participatory Research,Cross-Sectional Studies,Diabetes Mellitus\, Type 2,Exercise,Female,Food Habits,Fruit,Health Promotion,Humans,Hypertension,Middle Aged,Obesity,Risk Factors,Self Report,Social Class,Vegetables,Waist Circumference","Adult,Aged,Black or African American,Cardiovascular Diseases,Cereals,Community-Based Participatory Research,Cross-Sectional Studies,Diabetes Mellitus\, Type 2,Exercise,Female,Food Habits,Fruit,Health Promotion,Humans,Hypertension,Middle Aged,Obesity,Risk Factors,Self Report,Social Class,Vegetables,Waist Circumference",Preventing Chronic Disease (PCD),,,,,,,eng,Include,5,0,"Other prevention terms: risk factor, obesity, overweight, health promotion"
20205,"Obesity and Diabetes in Jordan: Findings From the Behavioral Risk Factor Surveillance System, 2004",https://stacks.cdc.gov/view/cdc/20205,cdc:20205,"Obesity and Diabetes in Jordan: Findings From the Behavioral Risk Factor Surveillance System, 2004","Walke\, Henry,Mokdad\, Ali H,Zindah\, Meyasser,Belbeisi\, Adel",,Dec 15 2007,"Introduction,Chronic diseases are the leading cause of morbidity and mortality in Jordan. The Jordanian Ministry of Health\, in collaboration with the Centers for Disease Control and Prevention\, established a behavioral risk factor surveillance system to monitor the behavioral risk factors associated with chronic diseases.,Methods,We used a multistage sampling design to select households from which we then randomly selected and interviewed one adult aged 18 years or older. A random subsample of the adults interviewed were then invited to visit the local health clinic\, where we obtained medical measurements\, including blood lipids (low-density lipoprotein\, high-density lipoprotein\, and triglycerides) and fasting blood glucose.,Results,Approximately 9% of the participants in the subsample who underwent medical testing reported having been diagnosed with diabetes previously\, compared with 16.9% diagnosed in our laboratory testing. About 12.3% of the participants were glucose intolerant\, and about 35% were obese. Obesity was significantly associated with diabetes\, high blood pressure\, high cholesterol\, and asthma. Compared with adults of normal weight\, obese adults had an adjusted odds ratio of 3.27 (95% CI\, 1.58–6.76) for diabetes\, 3.69 (95% CI\, 2.13–6.39) for high blood pressure\, 3.45 (95% CI\, 1.68–7.10) for high cholesterol\, and 5.12 (95% CI\, 1.53–17.19) for asthma.,Discussion,Obesity\, poor diet\, and physical inactivity create a major chronic disease burden in Jordan that is likely to increase substantially in the next few years. Our findings argue for establishment of a more preventive orientation in health care and public health systems in Jordan.","Original Research,Adult,Age Distribution,Aged,Behavioral Risk Factor Surveillance System,Comorbidity,Confidence Intervals,Diabetes Mellitus\, Type 2,Female,Health Behavior,Health Promotion,Health Status,Humans,Hypertension,Incidence,Life Style,Logistic Models,Male,Middle Aged,Obesity,Odds Ratio,Primary Prevention,Probability,Risk Assessment,Sex Distribution","Adult,Age Distribution,Aged,Behavioral Risk Factor Surveillance System,Comorbidity,Confidence Intervals,Diabetes Mellitus\, Type 2,Female,Health Behavior,Health Promotion,Health Status,Humans,Hypertension,Incidence,Life Style,Logistic Models,Male,Middle Aged,Obesity,Odds Ratio,Original Research,Primary Prevention,Probability,Risk Assessment,Sex Distribution",Preventing Chronic Disease (PCD),,,,,,,eng,Include,5,0,"Other prevention terms: risk factor, diet, obesity, health promotion"
19997,Barriers to Diabetes Self-management Education Programs in Underserved Rural Arkansas: Implications for Program Evaluation,https://stacks.cdc.gov/view/cdc/19997,cdc:19997,Barriers to Diabetes Self-management Education Programs in Underserved Rural Arkansas: Implications for Program Evaluation,"Balamurugan\, Appathurai,Rivera\, Mark,Jack\, Leonard,Morris\, Sharon,Allen\, Kristen",,Dec 15 2005,"Background,Diabetes prevalence has reached epidemic proportions. Diabetes self-management education (DSME) has been shown to improve preventive care practices and clinical outcomes. In this study\, we discuss the barriers faced during the implementation of DSME programs in medically underserved rural areas of Arkansas.,Context,Arkansas is a rural state\, with most southeastern counties experiencing a shortage of health care professionals. The Arkansas Diabetes Prevention and Control Program and its partners established 12 DSME programs in underserved counties with a high prevalence of diabetes.,Methods,DSME programs were delivered by a registered nurse and a dietitian who provided 10 to 13 hours of education to each program participant. Baseline\, 6-month\, and year-end data were collected on preventive care practices\, such as daily blood glucose monitoring\, foot examination\, systolic and diastolic blood pressure\, and glycosylated hemoglobin level\, among the participants in newly established DSME programs.,Consequences,Of the 12 DSME programs established\, 11 received American Diabetes Association recognition. The number of participants in the DSME programs increased 138% in 1 year\, from 308 in February 2003 to 734 in March 2004. Preventive care practices improved: daily blood glucose monitoring increased from 56% to 67% of participants\, and daily foot examinations increased from 63% to 84% of participants. Glycosylated hemoglobin decreased by an average of 0.5 units per participant who completed the program. However\, many anticipated and a few unanticipated barriers during the implementation of the program could not be overcome because of the lack of an evaluation plan.,Interpretation,Although results point to potential benefits of preventive care practices among DSME participants\, interpretation of findings was limited by sample size. Sample size limitations are traced to barriers to assessing program outcome. Program evaluation should be integrated into the planning phase to ensure adequate measures of program effectiveness.","Community Case Study,Adult,Diabetes Mellitus\, Type 1,Diabetes Mellitus\, Type 2,Hospitalization,Humans,Medically Underserved Area,Middle Aged,Patient Education as Topic,Prevalence,Program Evaluation,Rural Health Services,Self Care","Adult,Community Case Study,Diabetes Mellitus\, Type 1,Diabetes Mellitus\, Type 2,Hospitalization,Humans,Medically Underserved Area,Middle Aged,Patient Education as Topic,Prevalence,Program Evaluation,Rural Health Services,Self Care",Preventing Chronic Disease (PCD),,,,,,,eng,Include,5,3,Strong prevention terms: diabetes prevention | Other prevention terms: diet | Established-diabetes terms: self-management
4090,The Annual African American Conference on Diabetes: Evolving Program Evaluation With Evolving Program Implementation,https://stacks.cdc.gov/view/cdc/4090,cdc:4090,The Annual African American Conference on Diabetes: Evolving Program Evaluation With Evolving Program Implementation,"Houston\, Jacquelyn M,Martin\, Maurice,Williams\, Joel E,Hill\, Rhonda L",,Dec 15 2005,"Background,According to 2003 Behavioral Risk Factor Surveillance System data\, South Carolina has the fourth highest rate of overall diabetes among the 50 states (9.3%) but the second highest rate among African Americans (15.5%). Nationwide\, African Americans are disproportionately affected by diabetes. In addition\, 40% of the African American population in South Carolina lives in a rural area\, and approximately 26% live at or below the poverty level. Lack of access to health care and diabetes education are additional barriers for people with diabetes and their families.,Context,Since 1997\, the South Carolina Diabetes Prevention and Control Program and the Diabetes Today Advisory Council have sponsored the African American Conference on Diabetes\, which targets African Americans with diabetes\, their families\, and their caregivers. This article describes the evolution of the conference and its evaluation.,Methods,In 2002\, we conducted focus groups with 20 African American conference attendees with diabetes to 1) assess the program's effects\, 2) determine how to reach more individuals\, and 3) improve programming. In 2004\, we incorporated the preconference and postconference Diabetes Understanding Scale survey to assess the cognitive impact of the conference on participants.,Consequences,Focus group results revealed that participants wanted to attend the conference because of the opportunity to increase their knowledge and change their behaviors through 1) education\, 2) social support\, 3) resources\, and 4) logistics. Self-rated understanding increased significantly after the conference for each cognitive understanding item on the Diabetes Understanding Scale.,Interpretation,Focus group results suggested that participants who continue to attend the conference year after year may improve diabetes self-management skills. A quantitative evaluation showed that this 1-day diabetes education conference significantly increased short-term\, self-rated cognitive understanding of diabetes behaviors.","Black or African American,Congresses as Topic,Diabetes Mellitus\, Type 2,Female,Focus Groups,Health Education,Humans,Male,Program Evaluation,Rural Health","Black or African American,Congresses as Topic,Diabetes Mellitus\, Type 2,Female,Focus Groups,Health Education,Humans,Male,Program Evaluation,Rural Health",Preventing Chronic Disease (PCD),,,,,,,eng,Include,5,3,Strong prevention terms: diabetes prevention | Other prevention terms: risk factor | Established-diabetes terms: self-management
36133,"The State of Evaluation Research on Food Policies to Reduce Obesity and Diabetes Among Adults in the United States, 2000–2011",https://stacks.cdc.gov/view/cdc/36133,cdc:36133,"The State of Evaluation Research on Food Policies to Reduce Obesity and Diabetes Among Adults in the United States, 2000–2011","Freudenberg\, Nicholas,Franzosa\, Emily,Sohler\, Nancy,Li\, Rui,Devlin\, Heather,Albu\, Jeanine",,Oct 29 2015,"Introduction,Improvements in diet can prevent obesity and type 2 diabetes. Although policy changes provide a foundation for improvement at the population level\, evidence for the effectiveness of such changes is slim. This study summarizes the literature on recent efforts in the United States to change food-related policies to prevent obesity and diabetes among adults.,Methods,We conducted a systematic review of evidence of the impact of food policies. Websites of government\, academic\, and nonprofit organizations were scanned to generate a typology of food-related policies\, which we classified into 18 categories. A key-word search and a search of policy reports identified empirical evaluation studies of these categories. Analyses were limited to strategies with 10 or more reports. Of 422 articles identified\, 94 met these criteria. Using publication date\, study design\, study quality\, and dietary outcomes assessed\, we evaluated the strength of evidence for each strategy in 3 assessment categories: time period\, quality\, and study design.,Results,Five strategies yielded 10 or more reports. Only 2 of the 5 strategies\, menu labeling and taxes on unhealthy foods\, had 50% or more studies with positive findings in at least 2 of 3 assessment categories. Most studies used methods that were rated medium quality. Although the number of published studies increased over 11 years\, study quality did not show any clear trend nor did it vary by strategy.,Conclusion,Researchers and policy makers can improve the quality and rigor of policy evaluations to synthesize existing evidence and develop better methods for gleaning policy guidance from the ample but imperfect data available.","Systematic Review,Adult,Diabetes Mellitus\, Type 2,Diet,Empirical Research,Evaluation Studies as Topic,Health Promotion,Humans,Nutrition Policy,Obesity","Adult,Diabetes Mellitus\, Type 2,Diet,Empirical Research,Evaluation Studies as Topic,Health Promotion,Humans,Nutrition Policy,Obesity,Systematic Review",Preventing Chronic Disease (PCD),,,,,,,eng,Maybe,4,0,"Other prevention terms: diet, obesity, health promotion"
19713,"South Asian American Perspectives on Overweight, Obesity, and the Relationship Between Weight and Health",https://stacks.cdc.gov/view/cdc/19713,cdc:19713,"South Asian American Perspectives on Overweight, Obesity, and the Relationship Between Weight and Health","Tang\, Joyce W.,Mason\, Maryann,Kushner\, Robert F.,Tirodkar\, Manasi A.,Khurana\, Neerja,Kandula\, Namratha R.",,May 31 2012,"Introduction,Compared with other racial groups\, South Asian adults develop type 2 diabetes and cardiovascular disease at a lower body mass index (BMI). Perceptions of weight and the effect of weight on health can influence weight-loss attempts but are not well described in this population. The objective of this study was to examine perceptions of weight appropriateness and the effect of weight on health among South Asian Americans.,Methods,We recruited 75 South Asian American adults from a single metropolitan area in the Midwestern United States. During individual\, face-to-face interviews\, we asked participants what they think about their weight and how weight affects their health. We measured their weight and height and calculated BMI. Each interview was audiotaped\, transcribed verbatim\, and translated into English. We conducted analyses using NVivo software. A second investigator coded 20% of interviews to verify coding consensus.,Results,Sixty-seven percent of participants were overweight or obese; 40% of overweight participants and 12% of obese participants perceived themselves to be normal weight or underweight. Forty-eight percent of overweight and 82% of obese participants believed their weight affected their health. Participants commonly cited physical problems as being associated with their weight\, but few connected their weight with risk for chronic diseases.,Conclusion,South Asian Americans may underestimate their weight status and the effect of their weight on their risk for chronic diseases. Interventions to promote weight loss among South Asian Americans should focus on modifying perceptions of normal weight and personalizing the relationship between overweight and chronic diseases.","Adult,Aged,Asian,Body Height,Body Mass Index,Body Weight,Cardiovascular Diseases,Data Interpretation\, Statistical,Diabetes Mellitus\, Type 2,Female,Health Knowledge\, Attitudes\, Practice,Humans,Interviews as Topic,Male,Middle Aged,Obesity,Overweight,Qualitative Research,Urban Population","Adult,Aged,Asian,Body Height,Body Mass Index,Body Weight,Cardiovascular Diseases,Data Interpretation\, Statistical,Diabetes Mellitus\, Type 2,Female,Health Knowledge\, Attitudes\, Practice,Humans,Interviews as Topic,Male,Middle Aged,Obesity,Overweight,Qualitative Research,Urban Population",Preventing Chronic Disease (PCD),,,,,,,eng,Maybe,4,0,"Other prevention terms: weight loss, obesity, overweight"
20541,"Prevalence of Diabetes and Impaired Fasting Glucose in Chinese Adults, China National Nutrition and Health Survey, 2002",https://stacks.cdc.gov/view/cdc/20541,cdc:20541,"Prevalence of Diabetes and Impaired Fasting Glucose in Chinese Adults, China National Nutrition and Health Survey, 2002","Liu\, Shuqian,Wang\, Wenyu,Yang\, Xiaoguang,Lee\, Elisa T.,Zhang\, Jian,He\, Yuna,Piao\, Jianhua,Yao\, Chonghua,Zeng\, Zhechun,Howard\, Barbara V.,Fabsitz\, Richard R.,Best\, Lyle",,Dec 15 2010,"Introduction,As a result of rapid economic development in China\, the lifestyles and dietary habits of its people have been changing\, and the rates of obesity\, diabetes\, and other chronic conditions have increased substantially. We report the prevalence of type 2 diabetes and impaired fasting glucose (IFG) and the association between diabetes and overweight and obesity in Chinese adults. We also compare the results with those from the US National Health and Nutrition Examination Survey\, 1999-2002.,Methods,Data were from adults aged 20 years or older who participated in the China National Nutrition and Health Survey\, 2002 (n = 47\,729). Diabetes and IFG were defined by the American Diabetes Association 2009 criteria. We assessed the prevalence of diabetes\, IFG\, and overweight and obesity by sex\, age\, region of residence\, and ethnicity.,Results,The prevalence of diabetes and IFG in Chinese adults was 2.7% and 4.9%\, respectively. The prevalence of diabetes increased with age and body mass index. Men and women had a similar prevalence of diabetes\, but men had a significantly higher prevalence of IFG. The prevalence of diabetes among Chinese who lived in urban areas was 2 to 3 times higher than the prevalence among those who lived in rural areas (3.9% for urban areas and 6.1% for large cities vs 1.9% for rural areas)\, and the prevalence of IFG was 1.5 to 2 times higher (6.1% and 8.1% vs 4.2%\, respectively). The prevalence of diabetes among Chinese women and young (20-39 y) and middle-aged (40-59 y) adults who lived in large cities was similar to the prevalence of diabetes in the US population.,Conclusion,The prevalence of diabetes and IFG was much higher in urban than rural areas\, particularly in the large cities of China. Prevention must be emphasized among adults to reduce the future social and economic burden of diabetes in China.","Original Research,Adult,Age Distribution,Blood Glucose,Diabetes Mellitus\, Type 2,Fasting,Female,Health Surveys,Humans,Male,Prevalence,Sex Characteristics,Socioeconomic Factors,Young Adult","Adult,Age Distribution,Blood Glucose,Diabetes Mellitus\, Type 2,Fasting,Female,Health Surveys,Humans,Male,Original Research,Prevalence,Sex Characteristics,Socioeconomic Factors,Young Adult",Preventing Chronic Disease (PCD),,,,,,,eng,Maybe,4,0,"Other prevention terms: diet, obesity, overweight, lifestyle"
20422,Factors Predicting Glycemic Control in Middle-Aged and Older Adults With Type 2 Diabetes,https://stacks.cdc.gov/view/cdc/20422,cdc:20422,Factors Predicting Glycemic Control in Middle-Aged and Older Adults With Type 2 Diabetes,"Chiu\, Ching-Ju,Wray\, Linda A.",,Dec 15 2009,"Introduction,Few studies have prospectively assessed the explanatory effects of demographics\, clinical conditions\, treatment modality\, and general lifestyle behaviors on glycemic control in large heterogeneous samples of middle-aged and older adults with type 2 diabetes. We hierarchically examined these factors\, focused especially on the effects of modifiable factors (ie\, general lifestyle behaviors)\, and compared predictive patterns between middle-aged and older adults.,Methods,We used nationally representative data from the 1998 and 2000 Health and Retirement Study (HRS) and the HRS 2003 Diabetes Study. We analyzed data from 379 middle-aged adults (aged 51-64 y) and 430 older adults (aged ≥65 y) who self-reported having type 2 diabetes at baseline.,Results,Among middle-aged adults\, demographic factors and clinical conditions were the strongest predictors of hemoglobin A1c (HbA1c) levels. However\, among older adults\, treatment modality (diet only\, oral medication\, or insulin only or in combination with other regimens) significantly affected HbA1c levels. Lifestyle (physical activity\, smoking\, drinking\, and body weight control)\, independent of the effects of demographics\, clinical conditions\, and treatment modality\, significantly affected HbA1c levels. An increase of 1 healthy behavior was associated with a decrease in HbA1c levels of more than 1 percentage point.,Conclusion,Our findings provide support for current diabetes guidelines that recommend a lifestyle regimen across the entire span of diabetes care and highlight the need to help both sociodemographically and clinically disadvantaged middle-aged adults with type 2 diabetes as well as older adults who exhibit poor adherence to medication recommendations to achieve better glycemic control.","Age Factors,Aged,Blood Glucose,Diabetes Mellitus\, Type 2,Female,Hemoglobin A\, Glycosylated,Humans,Hypoglycemic Agents,Male,Middle Aged,Retrospective Studies,Socioeconomic Factors","Age Factors,Aged,Blood Glucose,Diabetes Mellitus\, Type 2,Female,Hemoglobin A\, Glycosylated,Humans,Hypoglycemic Agents,Male,Middle Aged,Retrospective Studies,Socioeconomic Factors",Preventing Chronic Disease (PCD),,,,,,,eng,Maybe,4,5,"Other prevention terms: physical activity, diet, lifestyle | Established-diabetes terms: glycemic control, diabetes care"
4092,Development of the Diabetes Indicators and Data Sources Internet Tool (DIDIT),https://stacks.cdc.gov/view/cdc/4092,cdc:4092,Development of the Diabetes Indicators and Data Sources Internet Tool (DIDIT),"Mukhtar\, Qaiser,Mehta\, Prachi,Brody\, Erica R.,Camponeschi\, Jenny,Friedrichs\, Michael,Ralls\, Brenda,Kemple\, Angela M.",,Dec 15 2005,"Developing a Web-based tool that involves the input\, buy-in\, and collaboration of multiple stakeholders and contractors is a complex process. Several elements facilitated the development of the Web-based Diabetes Indicators and Data Sources Internet Tool (DIDIT). The DIDIT is designed to enhance the ability of staff within the state-based Diabetes Prevention and Control Programs (DPCPs) and the Centers for Disease Control and Prevention (CDC) to perform diabetes surveillance. It contains information on 38 diabetes indicators (measures of health or factors associated with health) and 12 national- and state-level data sources. Developing the DIDIT required one contractor to conduct research on content for diabetes indicators and data sources and another contractor to develop the Web-based application to house and manage the information. During 3 years\, a work group composed of representatives from the DPCPs and the Division of Diabetes Translation (DDT) at the CDC guided the development process by 1) gathering information on and communicating the needs of users and their vision for the DIDIT\, 2) reviewing and approving content\, and 3) providing input into the design and system functions. Strong leadership and vision of the project lead\, clear communication and collaboration among all team members\, and a commitment from the management of the DDT were essential elements in developing and implementing the DIDIT. Expertise in diabetes surveillance and software development\, enthusiasm\, and dedication were also instrumental in developing the DIDIT.","Tools and Techniques,Diabetes Mellitus\, Type 2,Focus Groups,Humans,Information Systems,Internet,Population Surveillance,Prevalence","Diabetes Mellitus\, Type 2,Focus Groups,Humans,Information Systems,Internet,Population Surveillance,Prevalence,Tools and Techniques",Preventing Chronic Disease (PCD),,,,,,,eng,Maybe,4,0,Strong prevention terms: diabetes prevention
150999,Risk Prediction Score for Chronic Kidney Disease in Healthy Adults and Adults With Type 2 Diabetes: Systematic Review,https://stacks.cdc.gov/view/cdc/150999,cdc:150999,Risk Prediction Score for Chronic Kidney Disease in Healthy Adults and Adults With Type 2 Diabetes: Systematic Review,"González-Rocha\, Alejandra,Colli\, Victor A.,Denova-Gutiérrez\, Edgar",,4 20 2023,"Introduction,Chronic kidney disease (CKD) is an important public health problem. In 2017\, the global prevalence was estimated at 9.1%. Appropriate tools to predict the risk of developing CKD are necessary to prevent its progression. Type 2 diabetes is a leading cause of CKD; screening the population living with the disease is a cost-effective solution to prevent CKD. The aim of our study was to identify the existing prediction scores and their diagnostic accuracy for detecting CKD in apparently healthy populations and populations with type 2 diabetes.,Methods,We conducted an electronic search in databases\, including Medline/PubMed\, Embase\, Health Evidence\, and others. For the inclusion criteria we considered studies with a risk predictive score in healthy populations and populations with type 2 diabetes. We extracted information about the models\, variables\, and diagnostic accuracy\, such as area under the receiver operating characteristic curve (AUC)\, C statistic\, or sensitivity and specificity.,Results,We screened 2\,359 records and included 13 studies for healthy population\, 7 studies for patients with type 2 diabetes\, and 1 for both populations. We identified 12 models for patients with type 2 diabetes; the range of C statistic was from 0.56 to 0.81\, and the range of AUC was from 0.71 to 0.83. For healthy populations\, we identified 36 models with the range of C statistics from 0.65 to 0.91\, and the range of AUC from 0.63 to 0.91.,Conclusion,This review identified models with good discriminatory performance and methodologic quality\, but they need more validation in populations other than those studied. This review did not identify risk models with variables comparable between them to enable conducting a meta-analysis.","Adult,Humans,Diabetes Mellitus\, Type 2,Renal Insufficiency\, Chronic,Risk Factors,ROC Curve","Adult,Diabetes Mellitus\, Type 2,Humans,ROC Curve,Renal Insufficiency\, Chronic,Risk Factors",Preventing Chronic Disease (PCD),,,,,,,eng,Maybe,3,2,"Other prevention terms: risk factor, screening | Established-diabetes terms: chronic kidney disease"
49464,A Diabetic Retinopathy Screening Tool for Low-Income Adults in Mexico,https://stacks.cdc.gov/view/cdc/49464,cdc:49464,A Diabetic Retinopathy Screening Tool for Low-Income Adults in Mexico,"Mendoza-Herrera\, Kenny,Quezada\, Amado D.,Pedroza-Tobías\, Andrea,Hernández-Alcaraz\, Cesar,Fromow-Guerra\, Jans,Barquera\, Simón",,Oct 12 2017,"Introduction,A national diabetic retinopathy screening program does not exist in Mexico as of 2017. Our objective was to develop a screening tool based on a predictive model for early detection of diabetic retinopathy in a low-income population.,Methods,We analyzed biochemical\, clinical\, anthropometric\, and sociodemographic information from 1\,000 adults with diabetes in low-income communities in Mexico (from 11\,468 adults recruited in 2014–2016). A comprehensive ophthalmologic evaluation was performed. We developed the screening tool through the following stages: 1) development of a theoretical predictive model\, 2) performance assessment and validation of the model using cross-validation and the area under the receiver operating characteristic curve (AUC ROC)\, and 3) optimization of cut points for the classification of diabetic retinopathy. We identified points along the AUC ROC that minimized the misclassification cost function and considered various scenarios of misclassification costs and diabetic retinopathy prevalence.,Results,Time since diabetes diagnosis\, high blood glucose levels\, systolic hypertension\, and physical inactivity were considered risk factors in our screening tool. The mean AUC ROC of our model was 0.780 (validation data set). The optimized cut point that best represented our study population (z = −0.640) had a sensitivity of 82.9% and a specificity of 61.9%.,Conclusion,We developed a low-cost and easy-to-apply screening tool to detect people at high risk of diabetic retinopathy in Mexico. Although classification performance of our tool was acceptable (AUC ROC > 0.75)\, error rates (precision) depend on false-negative and false-positive rates. Therefore\, confirmatory assessment of all cases is mandatory.","Aged,Cost-Benefit Analysis,Diabetes Mellitus\, Type 2,Diabetic Retinopathy,Female,Humans,Male,Mass Screening,Middle Aged,Poverty,Predictive Value of Tests,ROC Curve,Risk Factors,Time Factors","Aged,Cost-Benefit Analysis,Diabetes Mellitus\, Type 2,Diabetic Retinopathy,Female,Humans,Male,Mass Screening,Middle Aged,Poverty,Predictive Value of Tests,ROC Curve,Risk Factors,Time Factors",Preventing Chronic Disease (PCD),,,,,,,eng,Maybe,3,4,"Other prevention terms: risk factor, screening | Established-diabetes terms: diabetic retinopathy"
26402,Ohio Primary Health Care Providers’ Practices and Attitudes Regarding Screening Women With Prior Gestational Diabetes for Type 2 Diabetes Mellitus — 2010,https://stacks.cdc.gov/view/cdc/26402,cdc:26402,Ohio Primary Health Care Providers’ Practices and Attitudes Regarding Screening Women With Prior Gestational Diabetes for Type 2 Diabetes Mellitus — 2010,"Rodgers\, Loren,Conrey\, Elizabeth J.,Wapner\, Andrew,Ko\, Jean Y.,Dietz\, Patricia M.,Oza-Frank\, Reena",,Dec 04 2014,"Introduction,Gestational diabetes mellitus (GDM) is associated with a 7-fold increased lifetime risk for developing type 2 diabetes mellitus. Early diagnosis of type 2 diabetes is crucial for preventing complications. Despite recommendations for type 2 diabetes screening every 1 to 3 years for women with previous diagnoses of GDM and all women aged 45 years or older\, screening prevalence is unknown. We sought to assess Ohio primary health care providers’ practices and attitudes regarding assessing GDM history and risk for progression to type 2 diabetes.,Methods,During 2010\, we mailed surveys to 1\,400 randomly selected Ohio family physicians and internal medicine physicians; we conducted analyses during 2011–2013. Overall responses were weighted to adjust for stratified sampling. Chi-square tests compared categorical variables.,Results,Overall response rate was 34% (380 eligible responses). Among all respondents\, 57% reported that all new female patients in their practices are routinely asked about GDM history; 62% reported screening women aged 45 years or younger with prior GDM every 1 to 3 years for glucose intolerance; and 42% reported that screening for type 2 diabetes among women with prior GDM is a high or very high priority in their practice.,Conclusion,Because knowing a patient’s GDM history is the critical first step in the prevention of progression to type 2 diabetes for women who had GDM\, suboptimal screening for both GDM history and subsequent glucose abnormalities demonstrates missed opportunities for identifying and counseling women with increased risk for type 2 diabetes.","Original Research,Adult,Diabetes Mellitus\, Type 2,Diabetes\, Gestational,Female,Glucose Intolerance,Health Personnel,Humans,Pregnancy,Risk Factors","Adult,Diabetes Mellitus\, Type 2,Diabetes\, Gestational,Female,Glucose Intolerance,Health Personnel,Humans,Original Research,Pregnancy,Risk Factors",Preventing Chronic Disease (PCD),,,,,,,eng,Maybe,3,0,"Other prevention terms: risk factor, screening"
26132,"Trends in Diabetes and Cardiometabolic Conditions in a Canadian First Nation Community, 2002–2003 to 2011–2012",https://stacks.cdc.gov/view/cdc/26132,cdc:26132,"Trends in Diabetes and Cardiometabolic Conditions in a Canadian First Nation Community, 2002–2003 to 2011–2012","Riediger\, Natalie D.,Lix\, Lisa M.,Lukianchuk\, Virginia,Bruce\, Sharon",,Nov 13 2014,"Introduction,The burden of diabetes and cardiovascular disease among the Canadian First Nation population is disproportionately high compared with the general Canadian population. Continuous monitoring of the diabetes epidemic among the Canadian First Nations population is necessary to inform public health practice. The purpose of the study was to compare the prevalence of diabetes and cardiometabolic conditions in a Manitoba First Nation between 2 periods.,Methods,Study data were from 2 diabetes screening studies in Sandy Bay Ojibway First Nation in Manitoba\, collected in 2002–2003 and 2011–2012. All adults aged 18 years or older were invited to participate in both studies. Crude and sex- and age-standardized prevalence of diabetes and cardiometabolic conditions for each period were estimated and compared with each other by using χ2 tests.,Results,Sex- and age-standardized prevalence of diabetes was estimated at 39.4% (95% confidence interval [CI]\, 35.1–43.8) in 2002–2003 and was not significantly different (P = .99) in 2011–2012. Sex- and age-standardized obesity prevalence was significantly lower in 2011–2012\, at 48.7% (95% CI\, 44.6–52.7)\, compared with 60.8% (95% CI\, 56.4–65.2) in 2002–2003 (P < .001). However\, this finding was accounted for by a lower prevalence of obesity among men aged 40 to 49 and aged 50 years or older in 2011–2012 compared with 2002–2003. Sex- and age-standardized prevalence of hypertension (P = .97)\, abdominal obesity (P = .26)\, dyslipidemia (P = .73)\, and metabolic syndrome (P = .67) were not significantly different between periods. Significantly higher crude prevalence of obesity\, abdominal obesity\, dyslipidemia\, and metabolic syndrome among women compared with men persisted from 2002–2003 to 2011–2012.,Conclusion,The diabetes epidemic remains a serious problem in this First Nation community. The gap in cardiometabolic burden between men and women has also persisted.","Aging,American Indian or Alaska Native,Diabetes Mellitus\, Type 2,Female,Humans,Hypertension,Male,Middle Aged,Obesity,Prevalence,Time Factors","Aging,American Indian or Alaska Native,Diabetes Mellitus\, Type 2,Female,Humans,Hypertension,Male,Middle Aged,Obesity,Prevalence,Time Factors",Preventing Chronic Disease (PCD),,,,,,,eng,Maybe,3,0,"Other prevention terms: obesity, screening"
23491,A Self-Management Intervention for African Americans With Comorbid Diabetes and Hypertension: A Pilot Randomized Controlled Trial,https://stacks.cdc.gov/view/cdc/23491,cdc:23491,A Self-Management Intervention for African Americans With Comorbid Diabetes and Hypertension: A Pilot Randomized Controlled Trial,"Lynch\, Elizabeth B.,Liebman\, Rebecca,Ventrelle\, Jennifer,Avery\, Elizabeth F.,Richardson\, DeJuran",,May 29 2014,"Introduction,The objective of this pilot 6-month randomized controlled trial was to determine the effectiveness of an intensive\, community-based\, group intervention that focused on diet\, physical activity\, and peer support for reducing weight among urban-dwelling African Americans with comorbid type 2 diabetes and hypertension.,Methods,Sixty-one participants were randomized into an intervention or control group. The 6-month intervention consisted of 18 group sessions led by a dietitian in a community setting and weekly telephone calls from a peer supporter. The intervention featured culturally tailored nutrition education\, behavioral skills training\, and social support focused on changes to diet and physical activity. The control group consisted of two 3-hour group sessions of diabetes self-management education taught by a community health worker. Outcome measures were assessed at baseline and 6 months. The primary outcome was achievement of a 5% weight reduction at 6 months. A secondary outcome was achievement of a 0.5 percentage-point reduction in hemoglobin A1c (HbA1c).,Results,Groups did not differ in achievement of the weight-loss goal. Intervention participants lost a mean of 2.8 kg (P = .01); control participants did not lose a significant amount of weight. A greater proportion of intervention (50.0%) than control (21.4%) participants reduced HbA1c by 0.5 percentage points or more at 6 months (P = .03).,Conclusion,The intervention was more effective than usual care (short-term diabetes education) at improving glycemic control\, but not weight\, in low-income African Americans with comorbid diabetes and hypertension. A community-based 6-month group class with culturally tailored education\, behavioral skills training\, and peer support can lead to a clinically significant reduction in HbA1c.","Adult,Black or African American/psychology,Black or African American,Body Mass Index,Comorbidity,Diabetes Mellitus\, Type 2,Diabetes Mellitus\, Type 2/ethnology,Exercise/psychology,Female,Food Preferences,Food Preferences/ethnology,Glycated Hemoglobin,Health Behavior,Humans,Hypertension,Hypertension/ethnology,Life Style,Male,Middle Aged,Nutritional Sciences,Outcome Assessment\, Health Care,Patient Education as Topic,Pilot Projects,Self Care","Adult,Black or African American,Black or African American/psychology,Body Mass Index,Comorbidity,Diabetes Mellitus\, Type 2,Diabetes Mellitus\, Type 2/ethnology,Exercise/psychology,Female,Food Preferences,Food Preferences/ethnology,Glycated Hemoglobin,Health Behavior,Humans,Hypertension,Hypertension/ethnology,Life Style,Male,Middle Aged,Nutritional Sciences,Outcome Assessment\, Health Care,Patient Education as Topic,Pilot Projects,Self Care",Preventing Chronic Disease (PCD),,,,,,,eng,Maybe,3,6,"Other prevention terms: physical activity, diet | Established-diabetes terms: self-management, glycemic control"
19714,Lasting Effects of a 2-Year Diabetes Self-Management Support Intervention: Outcomes at 1-Year Follow-Up,https://stacks.cdc.gov/view/cdc/19714,cdc:19714,Lasting Effects of a 2-Year Diabetes Self-Management Support Intervention: Outcomes at 1-Year Follow-Up,"Tang\, Tricia S.,Funnell\, Martha M.,Oh\, Mary",,Jun 07 2012,"Introduction,Diabetes-related health improvements achieved from self-management education interventions are not sustained long-term. We examined the health effects at 1 year follow-up of a 2-year\, empowerment-based\, diabetes self-management support intervention designed for African Americans.,Methods,We collected data from 52 African American adults with type 2 diabetes who completed the 3-year study. The intervention consisted of weekly groups led by 2 health care professionals and emphasized experiential learning\, emotional coping\, problem solving\, goal setting\, and action planning; group discussion was guided by participant-identified self-management priorities and concerns. Measurements were taken at baseline\, 24 months (postintervention)\, and 36 months (1 year follow-up) to assess glycemic control; weight; body mass index; serum cholesterol\, high-density lipoprotein cholesterol\, and low-density lipoprotein cholesterol levels; systolic and diastolic blood pressure; self-care behaviors; diabetes-specific quality of life; and diabetes empowerment.,Results,Following the 2-year diabetes self-management support intervention\, we found significant improvements for following a healthy diet (P = .03)\, spacing carbohydrates evenly across the day (P = .005)\, using insulin as recommended (P = .047)\, and achieving diabetes-specific quality of life (P = .02). At 1-year follow-up\, not only did participants sustain the behavioral improvements made in the 2-year diabetes self-management support intervention\, but they also demonstrated additional improvements in glycemic control (P < .001) and in serum cholesterol (P < .001) and low-density lipoprotein cholesterol levels (P = .001).,Conclusion,Participation in an empowerment-based diabetes self-management support intervention may have a positive and enduring effect on self-care behaviors and on metabolic and cardiovascular health.","Adult,Black or African American,Aged,Blood Glucose Self-Monitoring,Cholesterol,Diabetes Mellitus\, Type 2,Female,Follow-Up Studies,Health Knowledge\, Attitudes\, Practice,Health Promotion,Humans,Male,Middle Aged,Patient Education as Topic,Power (Psychology),Problem Solving,Quality of Life,Questionnaires,Self Care,Treatment Outcome","Adult,Aged,Black or African American,Blood Glucose Self-Monitoring,Cholesterol,Diabetes Mellitus\, Type 2,Female,Follow-Up Studies,Health Knowledge\, Attitudes\, Practice,Health Promotion,Humans,Male,Middle Aged,Patient Education as Topic,Power (Psychology),Problem Solving,Quality of Life,Questionnaires,Self Care,Treatment Outcome",Preventing Chronic Disease (PCD),,,,,,,eng,Maybe,3,6,"Other prevention terms: diet, health promotion | Established-diabetes terms: self-management, glycemic control"
19744,Cost-Effectiveness Analysis of a Community Health Worker Intervention for Low-Income Hispanic Adults with Diabetes,https://stacks.cdc.gov/view/cdc/19744,cdc:19744,Cost-Effectiveness Analysis of a Community Health Worker Intervention for Low-Income Hispanic Adults with Diabetes,"Brown\, H. Shelton,Wilson\, Kimberly J.,Pagán\, José A.,Arcari\, Christine M.,Martinez\, Martha,Smith\, Kirk,Reininger\, Belinda",,2012,"Introduction,The objective of our study was to estimate the long-term cost-effectiveness of a lifestyle modification program led by community health workers (CHWs) for low-income Hispanic adults with type 2 diabetes.,Methods,We forecasted disease outcomes\, quality-adjusted life years (QALYs) gained\, and lifetime costs associated with attaining different hemoglobin A1c (A1c) levels. Outcomes were projected 20 years into the future and discounted at a 3.0% rate. Sensitivity analyses were conducted to assess the extent to which our results were dependent on assumptions related to program effectiveness\, projected years\, discount rates\, and costs.,Results,The incremental cost-effectiveness ratio of the intervention ranged from $10\,995 to $33\,319 per QALY gained when compared with usual care. The intervention was particularly cost-effective for adults with high glycemic levels (A1c > 9%). The results are robust to changes in multiple parameters.,Conclusion,The CHW program was cost-effective. This study adds to the evidence that culturally sensitive lifestyle modification programs to control diabetes can be a cost-effective way to improve health among Hispanics with diabetes\, particularly among those with high A1c levels.","Adolescent,Adult,Community Health Workers,Cost-Benefit Analysis,Diabetes Mellitus,Diabetes Mellitus\, Type 2,Female,Health Promotion,Health Resources,Hispanic or Latino,Humans,Life Style,Male,Middle Aged,Patient Education as Topic,Poverty,Program Development,Quality-Adjusted Life Years,Self Care,Socioeconomic Factors","Adolescent,Adult,Community Health Workers,Cost-Benefit Analysis,Diabetes Mellitus,Diabetes Mellitus\, Type 2,Female,Health Promotion,Health Resources,Hispanic or Latino,Humans,Life Style,Male,Middle Aged,Patient Education as Topic,Poverty,Program Development,Quality-Adjusted Life Years,Self Care,Socioeconomic Factors",Preventing Chronic Disease (PCD),,,,,,,eng,Maybe,3,0,"Other prevention terms: health promotion, lifestyle"
20487,"Identifying Populations at High Risk for Diabetes With the Behavioral Risk Factor Surveillance System, Rhode Island, 2003",https://stacks.cdc.gov/view/cdc/20487,cdc:20487,"Identifying Populations at High Risk for Diabetes With the Behavioral Risk Factor Surveillance System, Rhode Island, 2003","Wojcik\, Kathryn,Gjelsvik\, Annie,Goldman\, Dona",,Jun 15 2010,"Introduction,We evaluated the feasibility of applying a previously validated diabetes risk score (DRS) to state-based surveillance data from the Behavioral Risk Factor Surveillance System (BRFSS) to assess population risk for developing type 2 diabetes or having undiagnosed type 2 diabetes.,Methods,We conducted a cross-sectional analysis of 1\,969 adults aged 30 to 60 years who self-reported never having been diagnosed with diabetes. The Danish DRS was applied to the 2003 Rhode Island BRFSS data by using 6 categorical variables: age\, sex\, body mass index\, known hypertension\, leisure-time physical activity\, and family history of diabetes. The DRS was the sum of these individual scores\, which ranged from 0 to 60; a score of 31 or more was considered high-risk.,Results,We found that 436 study participants\, representing 23% of Rhode Island adults aged 30 to 60 years\, had a high DRS. In the final model\, adults with at least some college education were 43% less likely to have a high DRS\, compared to adults with a high school diploma. Adults with no health insurance were 54% more likely to have a high DRS compared with insured adults.,Conclusion,By adding a family history question in odd years to correspond to the hypertension module in the BRFSS\, routinely available state-level surveys can be used with a DRS to monitor populations at high risk for developing type 2 diabetes. In Rhode Island\, almost one-fourth of adults aged 30 to 60 years were at high risk for having undiagnosed diabetes or developing diabetes. Adults with lower education and without health insurance were at highest risk.","Adult,Behavioral Risk Factor Surveillance System,Diabetes Mellitus\, Type 2,Feasibility Studies,Female,Health Status Indicators,Humans,Hypertension,Male,Middle Aged,Population Surveillance,Prevalence,Risk Factors","Adult,Behavioral Risk Factor Surveillance System,Diabetes Mellitus\, Type 2,Feasibility Studies,Female,Health Status Indicators,Humans,Hypertension,Male,Middle Aged,Population Surveillance,Prevalence,Risk Factors",Preventing Chronic Disease (PCD),,,,,,,eng,Maybe,3,0,"Other prevention terms: risk factor, physical activity"
20068,A Church-based Diabetes Self-management Education Program for African Americans With Type 2 Diabetes,https://stacks.cdc.gov/view/cdc/20068,cdc:20068,A Church-based Diabetes Self-management Education Program for African Americans With Type 2 Diabetes,"Samuel-Hodge\, Carmen D.,Keyserling\, Thomas C.,France\, Renaé.,Ingram\, Allyson F.,Johnston\, Larry F.,Pullen Davis\, Lisa,Davis\, Gwen,Cole\, Anne S.",,Jun 15 2006,"Introduction,Diabetes self-management education interventions in community gathering places have been moderately effective\, but very few studies of intervention effectiveness have been conducted among African Americans with type 2 diabetes. This paper describes a church-based diabetes self-management education intervention for African Americans\, a randomized controlled trial to evaluate the intervention\, and baseline characteristics of study participants.,Methods,A New DAWN: Diabetes Awareness & Wellness Network was conducted among 24 churches of varying size in North Carolina. Each church recruited congregants with type 2 diabetes and designated a diabetes advisor\, or peer counselor\, to be part of the intervention team. Participants were enrolled at each church and randomized as a unit to either the special intervention or the minimal intervention. The special intervention included one individual counseling visit\, twelve group sessions\, three postcard messages from the participant's diabetes care provider\, and twelve monthly telephone calls from a diabetes advisor. Baseline data included measures of weight\, hemoglobin A1c\, blood pressure\, physical activity\, dietary and diabetes self-care practices\, and psychosocial factors. The study to evaluate the intervention (from enrollment visit to last follow-up) began in February 2001 and ended in August 2003.,Results,Twenty-four churches (with 201 total participants) were randomized. Sixty-four percent of the participants were women. On average\, the participants were aged 59 years and sedentary. They had an average of 12 years of education\, had been diagnosed with diabetes for 9 years\, had a body mass index of 35\, had a hemoglobin A1c level of 7.8%\, and had a reported dietary intake of 39% of calories from fat.,Conclusion,A New DAWN is a culturally sensitive\, church-based diabetes self-management education program for African Americans with type 2 diabetes that is being evaluated for effectiveness in a randomized controlled trial. The outcomes of A New DAWN will contribute to the literature on community-based interventions for minority populations and help to inform the selection of approaches to improve diabetes care in this population.","Black or African American,Diabetes Mellitus\, Type 2,Humans,Middle Aged,Patient Education as Topic,Randomized Controlled Trials as Topic,Self Care","Black or African American,Diabetes Mellitus\, Type 2,Humans,Middle Aged,Patient Education as Topic,Randomized Controlled Trials as Topic,Self Care",Preventing Chronic Disease (PCD),,,,,,,eng,Maybe,3,5,"Other prevention terms: physical activity, diet | Established-diabetes terms: self-management, diabetes care"
151020,Development and Evaluation of the Delivery-Based HEALED Produce Rx Program for Uninsured Patients With Diabetes in Rural Eastern North Carolina,https://stacks.cdc.gov/view/cdc/151020,cdc:151020,Development and Evaluation of the Delivery-Based HEALED Produce Rx Program for Uninsured Patients With Diabetes in Rural Eastern North Carolina,"Sastre\, Lauren R.,Stroud\, Brandon,Smith\, Elisa,Hendrix\, Khadijah,McBride\, Olivia",,6 22 2023,"Produce prescription (PRx) programs have emerged as a preventive treatment to subsidize the cost of fruits and vegetables for people with lower income and have shown promise in improving diet quality and diabetes-related health outcomes (eg\, glycated hemoglobin A|). Researchers from the Department of Nutrition Science at East Carolina University worked with the Wayne Action Teams for Community Health (WATCH) Clinic\, a safety-net clinic in rural Eastern North Carolina\, and a local research farm to develop a PRx program for rural patients with type 2 diabetes and no health insurance. Preliminary patient surveys identified high levels of interest in a PRx program and a desire for recipes to accompany the produce. Formative evaluation results via telephone interviews with eligible patients identified transportation barriers to participation and the desire for complementary nutrition education and culinary resources. These results led to a delivery-based PRx program implemented from June through November 2021. Patients received weekly home delivery of an average of 4.7 pounds of fruits and vegetables and complementary nutrition and health education materials and culinary resources (cookbook\, recipes). The level of patient satisfaction with the program was high; the reported level of consumption of produce\, including unfamiliar produce\, was high; educational resources were associated with increased knowledge and motivation to make healthful lifestyle changes\, and glycemic control significantly improved. Ensuring that patients have a voice in the design and implementation of PRx programs is crucial to success. Ongoing use of rigorous formative and process evaluations can ensure appropriateness\, use\, and a positive effect of PRx programs\, and they are needed to establish best practices for implementation.","Humans,Diabetes Mellitus\, Type 2,Medically Uninsured,Diet,Health Education,Vegetables","Diabetes Mellitus\, Type 2,Diet,Health Education,Humans,Medically Uninsured,Vegetables",Preventing Chronic Disease (PCD),,,,,,,eng,Maybe,2,3,"Other prevention terms: diet, lifestyle | Established-diabetes terms: glycemic control"
150995,"“Make Stories That Will Always Be There”: Eagle Books’ Appeal, Sustainability, and Contributions to Public Health, 2006–2022",https://stacks.cdc.gov/view/cdc/150995,cdc:150995,"“Make Stories That Will Always Be There”: Eagle Books’ Appeal, Sustainability, and Contributions to Public Health, 2006–2022","Satterfield\, Dawn,DeBruyn\, Lemyra,Lofton\, Teresa,Francis\, Carolee Dodge,Zoumenou\, Virginie,DeCora\, Lorelei,Wesner\, Chelsea",,4 13 2023,"Purpose and Objectives,We aimed to determine why the Eagle Books\, an illustrated series for American Indian and Alaska Native (AIAN) children to address type 2 diabetes\, remain viable long after their release. We sought to answer 2 questions: Why did the books maintain popularity? What factors have sustained them?,Intervention Approach,Type 2 diabetes burgeoned in the US after World War II\, compounding a long legacy of injustices for AIAN peoples. By the 1980s\, their rates soared above those of White people. Concerned for future generations\, Tribal Leaders suggested that the Centers for Disease Control and Prevention and Indian Health Service use traditional storytelling to teach children about staying healthy. Public health interventions are most effective when culture and history are integrated into health education\, particularly stories to address a relatively new disease for AIAN peoples.,Evaluation Methods,From 2008 through 2013\, we conducted a case study among 8 tribal communities to evaluate the uptake of the Eagle Books across Indian Country. To understand the Eagle Books’ sustained appeal\, in 2022 we reanalyzed the original case study themes and analyzed for the first time themes that emerged from evaluation results in the Eagle Books’ program literature. These were programs that had independently evaluated their use of the Eagle Books and published their findings.,Results,Outcomes demonstrated continuous application of the Eagle Books in diverse community interventions\, influencing children's healthy choices. Community implementers described sustainability components\, such as the books’ versatility\, flexibility of use\, and availability online and in print.,Implications for Public Health,Historical\, social\, economic\, and environmental health determinants intersect with biological and behavioral factors to weave a complex web of causation for type 2 diabetes\, beginning early in life. Compelling\, colorful stories reflecting traditional wisdom and respect for Western and Indigenous science — through the eyes of a wise eagle\, a clever rabbit\, a tricky coyote\, and kids in T-shirts and sneakers — can positively influence community health.","Humans,Books,Diabetes Mellitus\, Type 2,Public Health,American Indian or Alaska Native","American Indian or Alaska Native,Books,Diabetes Mellitus\, Type 2,Humans,Public Health",Preventing Chronic Disease (PCD),,,,,,,eng,Maybe,2,0,Other prevention terms: community intervention
84978,Evidence-Based Interventions for High Blood Pressure and Glycemic Control Among Illinois Health Systems,https://stacks.cdc.gov/view/cdc/84978,cdc:84978,Evidence-Based Interventions for High Blood Pressure and Glycemic Control Among Illinois Health Systems,"Price\, Janae D.,Jayaprakash\, Manasi,McKay\, Cristina M.,Amerson\, Nancy L.,Jimenez\, Paula L.,Barbour\, Kamil E.,Cunningham\, Timothy J.",,January 23 2020,"Introduction,Evidence-based interventions (referral\, team-based care\, self-management\, and self-monitoring) for chronic disease management are well documented and widely used by Federally Qualified Health Centers (FQHCs). However\, how these interventions are implemented varies substantially.,Methods,The Illinois Health Information Systems Survey was deployed to 49 FQHCs. Responses were grouped into 4 distinct policies\, systems\, and processes (P/S/P) categories: internal policies/workflows\, huddles (brief meetings)\, electronic health record alerts/tracking tools\, and case manager/coordinator interaction. Responses were then direct-matched to the 2016 Health Resources and Services and Administration Uniform Data System clinical quality indicator (QI) percent scores. Descriptive statistics were generated and level of significance (P < .05) was tested for hypertension and type 2 diabetes mellitus.,Results,The total number of P/S/Ps in place for hypertension ranged from 0 to 13 (mean\, 6.9) and 0 to 8 for diabetes (mean\, 5.1). Meeting or exceeding the national mean QI percent score for controlled blood pressure (62.4%) was significant among FQHCs with 9 or more P/S/Ps compared with those with 8 or fewer P/S/Ps. A positive association in clinical QI percent score was found among organizations that had 3 or more P/S/Ps (for all 4 intervention areas)\, although none were significant.,Conclusion,An assessment of the types of P/S/Ps used to implement evidence-based interventions for hypertension and diabetes management is a first in Illinois. Initial results support some relationship between the number of P/S/Ps implemented and clinical QI percent score for both hypertension and diabetes.","Blood Pressure,Diabetes Mellitus\, Type 2,Evidence-Based Medicine,Glycated Hemoglobin A,Glycemic Control,Humans,Hypertension,Safety-net Providers,Surveys and Questionnaires","Blood Pressure,Diabetes Mellitus\, Type 2,Evidence-Based Medicine,Glycated Hemoglobin A,Glycemic Control,Humans,Hypertension,Safety-net Providers,Surveys and Questionnaires",Preventing Chronic Disease (PCD),,,,,,,eng,Maybe,2,9,"Other prevention terms: referral | Established-diabetes terms: diabetes management, self-management, glycemic control"
52337,"Implementing Key Drivers for Diabetes Self-Management Education and Support Programs: Early Outcomes, Activities, Facilitators, and Barriers",https://stacks.cdc.gov/view/cdc/52337,cdc:52337,"Implementing Key Drivers for Diabetes Self-Management Education and Support Programs: Early Outcomes, Activities, Facilitators, and Barriers","Morgan\, Jennifer Murphy,Mensa-Wilmot\, Yvonne,Bowen\, Shelly-Ann,Murphy\, Monica,Bonner\, Timethia,Rutledge\, Stephanie,Rutledge\, Gia",,Jan 25 2018,,"Essay,Diabetes Mellitus\, Type 2,Health Promotion,Humans,Outcome and Process Assessment\, Health Care,Self-Management","Diabetes Mellitus\, Type 2,Essay,Health Promotion,Humans,Outcome and Process Assessment\, Health Care,Self-Management",Preventing Chronic Disease (PCD),,,,,,,eng,Maybe,2,3,Other prevention terms: health promotion | Established-diabetes terms: self-management
49457,A Diabetes Pay-for-Performance Program and Risks of Cancer Incidence and Death in Patients With Type 2 Diabetes in Taiwan,https://stacks.cdc.gov/view/cdc/49457,cdc:49457,A Diabetes Pay-for-Performance Program and Risks of Cancer Incidence and Death in Patients With Type 2 Diabetes in Taiwan,"Hsieh\, Hui-Min,He\, Jiun-Shiuan,Shin\, Shyi-Jang,Chiu\, Herng-Chia,Lee\, Charles Tzu-Chi",,Oct 05 2017,"Introduction,We sought to evaluate the effects of diabetes disease management through a diabetes pay-for-performance (P4P) program in Taiwan on risks of incident cancer and mortality among patients with type 2 diabetes.,Methods,We conducted a longitudinal observational cohort study using 3 population-based databases in Taiwan. Using propensity score matching\, we compared patients with type 2 diabetes who enrolled in a P4P program with a similar group of patients who did not enroll in the in P4P program (non-P4P). Primary end points of interest were risks of incident cancer and all-cause\, cancer-specific\, and diabetes-related mortality. Total person-years and incidence and mortality rates per 1\,000 person-years were calculated. Multivariable Cox proportional hazard models and competing risk regression were used in the analysis.,Results,Overall\, our findings indicated that the diabetes P4P program was not significantly associated with lower risks of cancer incidence\, but it was associated with lower risks of all-cause mortality (adjusted sub distribution hazard ratio [aSHR]\, 0.59; 95% confidence interval [CI]\, 0.55–0.63)\, cancer-specific mortality (aSHR\, 0.85; 95% CI\, 0.73–1.00)\, and diabetes-related mortality (aSHR\, 0.54: 95% CI\, 0.49–0.60). Metformin\, thiazolidinediones\, and α glucosidase inhibitors were associated with lower risks of cancer incidence and cancer-specific mortality.,Conclusion,Our findings provide evidence of the potential benefit of diabetes P4P programs in reducing risks of all-cause mortality and competing causes of death attributable to cancer-specific and diabetes-related mortality among type 2 diabetes patients.","Cohort Studies,Diabetes Mellitus\, Type 2,Female,Humans,Longitudinal Studies,Male,Middle Aged,National Health Programs,Neoplasms,Proportional Hazards Models,Reimbursement\, Incentive,Risk Reduction Behavior","Cohort Studies,Diabetes Mellitus\, Type 2,Female,Humans,Longitudinal Studies,Male,Middle Aged,National Health Programs,Neoplasms,Proportional Hazards Models,Reimbursement\, Incentive,Risk Reduction Behavior",Preventing Chronic Disease (PCD),,,,,,,eng,Maybe,2,0,Other prevention terms: risk reduction
26740,"Factors Associated With Daily Consumption of Sugar-Sweetened Beverages Among Adult Patients at Four Federally Qualified Health Centers, Bronx, New York, 2013",https://stacks.cdc.gov/view/cdc/26740,cdc:26740,"Factors Associated With Daily Consumption of Sugar-Sweetened Beverages Among Adult Patients at Four Federally Qualified Health Centers, Bronx, New York, 2013","Kristal\, Ross B.,Blank\, Arthur E.,Wylie-Rosett\, Judith,Selwyn\, Peter A.",,Jan 08 2015,"Introduction,Consumption of sugar-sweetened beverages (SSBs) is associated with cardiovascular disease risk factors. This study examined the relationships between SSB consumption and demographic\, health behavior\, health service\, and health condition characteristics of adult patients of a network of federally qualified health centers (FQHCs) in a low-income\, urban setting.,Methods,Validated\, standardized self-reported health behavior questions were incorporated into the electronic health record (EHR) and asked of patients yearly\, at 4 FQHCs. We conducted cross-sectional analysis of EHR data collected in 2013 from 12\,214 adult patients by using logistic regression.,Results,Forty percent of adult patients consumed 1 or more SSBs daily. The adjusted odds ratios indicated that patients who consumed more than 1 SSB daily were more likely to be aged 18 to 29 years versus age 70 or older\, current smokers versus never smoking\, eating no servings of fruits and/or vegetables daily or 1 to 4 servings daily versus 5 or more servings daily\, and not walking or biking more than 10 blocks in the past 30 days. Patients consuming 1 or more servings of SSBs daily were less likely to speak Spanish than English\, be women than men\, be diagnosed with type 2 diabetes versus no diabetes\, and be diagnosed with hypertension versus no hypertension.,Conclusion,SSB consumption differed by certain demographic characteristics\, health behaviors\, and health conditions. Recording SSB intake and other health behaviors data in the EHR could help clinicians in identifying and counseling patients to promote health behavior changes. Future studies should investigate how EHR data on patient health behavior can be used to improve the health of patients and communities.","Adolescent,Adult,Aged,Beverages,Community Health Centers,Cross-Sectional Studies,Diabetes Mellitus\, Type 2,Federal Government,Female,Humans,Incidence,Male,Middle Aged,Obesity,Risk Assessment,Risk Factors,Socioeconomic Factors,Sweetening Agents,Urban Population,Young Adult","Adolescent,Adult,Aged,Beverages,Community Health Centers,Cross-Sectional Studies,Diabetes Mellitus\, Type 2,Federal Government,Female,Humans,Incidence,Male,Middle Aged,Obesity,Risk Assessment,Risk Factors,Socioeconomic Factors,Sweetening Agents,Urban Population,Young Adult",Preventing Chronic Disease (PCD),,,,,,,eng,Maybe,2,0,"Other prevention terms: risk factor, obesity"
19766,Missed Opportunities for Providing Low-Fat Dietary Advice to People With Diabetes,https://stacks.cdc.gov/view/cdc/19766,cdc:19766,Missed Opportunities for Providing Low-Fat Dietary Advice to People With Diabetes,"Lobo\, Ingrid E.,Loeb\, Danielle F.,Ghushchyan\, Vahram,Schauer\, Irene E.,Huebschmann\, Amy G.",,2012,"Introduction,Because cardiovascular disease is closely linked to diabetes\, national guidelines recommend low-fat dietary advice for patients who have cardiovascular disease or are at risk for diabetes. The prevalence of receiving such advice is not known. We assessed the lifetime prevalence rates of receiving low-fat dietary advice from a health professional and the relationship between having diabetes or risk factors for diabetes and receiving low-fat dietary advice.,Methods,From 2002 through 2009\, 188\,006 adults answered the following question in the Medical Expenditure Panel Survey: “Has a doctor or other health professional ever advised you to eat fewer high-fat or high-cholesterol foods?” We assessed the association between receiving advice and the following predictors: a diabetes diagnosis\, 7 single risk factors for type 2 diabetes\, and total number of risk factors.,Results,Among respondents without diabetes or risk factors for diabetes\, 7.4% received low-fat dietary advice; 70.6% of respondents with diabetes received advice. Respondents with diabetes were almost twice as likely to receive advice as respondents without diabetes or its risk factors. As the number of risk factors increased\, the likelihood of receiving low-fat dietary advice increased. Although unadjusted advice rates increased during the study period\, the likelihood of receiving advice decreased.,Conclusion,Although most participants with diabetes received low-fat dietary advice\, almost one-third did not. Low-fat dietary advice was more closely associated with the total number of diabetes risk factors than the presence of diabetes. Increasing rates of diabetes and diabetes risk factors are outpacing increases in provision of low-fat dietary advice.","Adolescent,Adult,Age Factors,Aged,Cardiovascular Diseases,Counseling,Cross-Sectional Studies,Diabetes Mellitus\, Type 2,Dietary Carbohydrates,Dietary Fats,Female,Guideline Adherence,Health Care Surveys,Health Expenditures,Humans,Male,Middle Aged,Primary Health Care,Professional-Patient Relations,Questionnaires,Risk Factors,Sex Factors,Socioeconomic Factors","Adolescent,Adult,Age Factors,Aged,Cardiovascular Diseases,Counseling,Cross-Sectional Studies,Diabetes Mellitus\, Type 2,Dietary Carbohydrates,Dietary Fats,Female,Guideline Adherence,Health Care Surveys,Health Expenditures,Humans,Male,Middle Aged,Primary Health Care,Professional-Patient Relations,Questionnaires,Risk Factors,Sex Factors,Socioeconomic Factors",Preventing Chronic Disease (PCD),,,,,,,eng,Maybe,2,0,"Other prevention terms: risk factor, diet"
20165,From Program to Policy: Expanding the Role of Community Coalitions,https://stacks.cdc.gov/view/cdc/20165,cdc:20165,From Program to Policy: Expanding the Role of Community Coalitions,"Hill\, Anne,Guernsey De Zapien\, Jill,Staten\, Lisa K,McClelland\, Deborah Jean,Moore-Monroy\, Martha,Meister\, Joel S,Garza\, Rebecca,Elenes\, JoJean,Steinfelt\, Victoria,Tittelbaugh\, Ila,Whitmer\, Evelyn",,Sep 15 2007,"Background,Diabetes mortality at the United States–Mexico border is twice the national average. Type 2 diabetes mellitus is increasingly diagnosed among children and adolescents. Fragmented services and scarce resources further restrict access to health care. Increased awareness of the incidence of disease and poor health outcomes became a catalyst for creating community-based coalitions and partnerships with the University of Arizona that focused on diabetes.,Context,Five partnerships between the communities and the University of Arizona were formed to address these health issues. They began with health promotion as their goal and were challenged to add policy and environmental change to their objectives. Understanding the meaning of policy in the community context is the first step in the transition from program to policy. Policy participation brings different groups together\, strengthening ties and building trust among community members and community organizations.,Methods,Data on progress and outcomes were collected from multiple sources. We used the Centers for Disease Control and Prevention's Racial and Ethnic Approaches to Community Health (REACH) 2010 Community Change Model as the capacity-building and analytic framework for supporting and documenting the transition of coalitions from program to policy.,Consequences,Over 5 years\, the coalitions made the transition\, in varying degrees\, from a programmatic focus to a policy planning and advocacy focus. The coalitions raised community awareness\, built community capacity\, encouraged a process of ""change in change agents\,"" and advocated for community environmental and policy shifts to improve health behaviors.,Interpretation,The five coalitions made environmental and policy impacts by engaging in policy advocacy. These outcomes indicate the successful\, if not consistently sustained\, transition from program to policy. Whether and how these ""changes in change agents"" are transferable to the larger community over the long term remains to be seen.","Community-Institutional Relations,Diabetes Mellitus\, Type 2,Emigration and Immigration,Health Care Coalitions,Health Promotion,Hispanic or Latino,Humans,Organizational Innovation,Policy Making,Social Planning,Universities","Community-Institutional Relations,Diabetes Mellitus\, Type 2,Emigration and Immigration,Health Care Coalitions,Health Promotion,Hispanic or Latino,Humans,Organizational Innovation,Policy Making,Social Planning,Universities",Preventing Chronic Disease (PCD),,,,,,,eng,Maybe,2,0,Other prevention terms: health promotion
4095,A Six-Step Model for Evaluation of Community-based Physical Activity Programs,https://stacks.cdc.gov/view/cdc/4095,cdc:4095,A Six-Step Model for Evaluation of Community-based Physical Activity Programs,"Sarah\, Levin Martin,Heath\, Gregory W",,Dec 15 2005,,"Community Health Centers,Diabetes Mellitus\, Type 2,Exercise,Health Education,Humans,Logistic Models,Program Evaluation","Community Health Centers,Diabetes Mellitus\, Type 2,Exercise,Health Education,Humans,Logistic Models,Program Evaluation",Preventing Chronic Disease (PCD),,,,,,,eng,Maybe,2,0,Other prevention terms: physical activity
26741,Exploring Better Links Between Clinics and Communities to Improve Population Health,https://stacks.cdc.gov/view/cdc/26741,cdc:26741,Exploring Better Links Between Clinics and Communities to Improve Population Health,"Briss\, Peter A.",,Jan 08 2015,,"Beverages,Community Health Centers,Diabetes Mellitus\, Type 2,Federal Government,Female,Humans,Male,Obesity,Sweetening Agents,Urban Population","Beverages,Community Health Centers,Diabetes Mellitus\, Type 2,Federal Government,Female,Humans,Male,Obesity,Sweetening Agents,Urban Population",Preventing Chronic Disease (PCD),,,,,,,eng,Maybe,1,0,Other prevention terms: obesity
20446,"Pedometer Use Among Adults at High Risk of Type 2 Diabetes, Finland, 2007-2008",https://stacks.cdc.gov/view/cdc/20446,cdc:20446,"Pedometer Use Among Adults at High Risk of Type 2 Diabetes, Finland, 2007-2008","Korkiakangas\, Eveliina,Alahuhta\, Maija A.,Laitinen\, Jaana H,Husman\, Päivi M.,Keinänen-Kiukaanniemi\, Sirkka,Taanila\, Anja M.",,Feb 15 2010,"Introduction,A pedometer helps adults exercise more\, but sedentary adults need instruction and advice to be motivated to use one. We conducted this qualitative study to describe the experiences of participants at high risk of type 2 diabetes who began using a pedometer.,Methods,A total of 74 people at high risk of type 2 diabetes participated in 6 months of group counseling. From April 2007 to April 2008\, we collected data through questionnaires\, theme interviews (n = 22) and video recordings of counseling sessions. From October 2007 through June 2008\, we analyzed the data.,Results,Pedometers were useful tools for observing levels of exercise\, setting personal goals for walking\, and helping evaluate whether daily goals were met. Negative experiences were associated with functional failures\, pedometers' unsuitability for exercise other than walking\, and the goal of 10\,000 steps\, which some participants considered too high.,Conclusions,Sedentary adults can be motivated to use a pedometer if we inform them that regular users find it a useful instrument for increasing their level of exercise. These adults should set realistic goals for walking and receive adequate instructions for using pedometers.","Original Research,Data Collection,Diabetes Mellitus\, Type 2,Exercise,Female,Humans,Male,Middle Aged,Monitoring\, Physiologic,Questionnaires,Risk Factors","Data Collection,Diabetes Mellitus\, Type 2,Exercise,Female,Humans,Male,Middle Aged,Monitoring\, Physiologic,Original Research,Questionnaires,Risk Factors",Preventing Chronic Disease (PCD),,,,,,,eng,Maybe,1,0,Other prevention terms: risk factor
20369,A Socioeconomic Analysis of Obesity and Diabetes in New York City,https://stacks.cdc.gov/view/cdc/20369,cdc:20369,A Socioeconomic Analysis of Obesity and Diabetes in New York City,"Wallach\, Jonathan B.,Rey\, Mariano J.",,Jun 15 2009,,"Cluster Analysis,Diabetes Mellitus\, Type 2,Health Status Disparities,Humans,Obesity,Prevalence,Socioeconomic Factors","Cluster Analysis,Diabetes Mellitus\, Type 2,Health Status Disparities,Humans,Obesity,Prevalence,Socioeconomic Factors",Preventing Chronic Disease (PCD),,,,,,,eng,Maybe,1,0,Other prevention terms: obesity
20101,The Epidemic of Extreme Obesity Among American Indian and Alaska Native Adults With Diabetes,https://stacks.cdc.gov/view/cdc/20101,cdc:20101,The Epidemic of Extreme Obesity Among American Indian and Alaska Native Adults With Diabetes,"Wilson\, Charlton,Gilliland\, Susan,Moore\, Kelly,Acton\, Kelly",,Dec 15 2006,"Introduction,The purpose of this study was to describe the prevalence of obesity among American Indian and Alaska Native (AI/AN) adults with diabetes and to examine the temporal trends for class I\, II\, and III obesity in this high-risk group during a 10-year period.,Methods,We used data on body mass index (BMI) from the annual Diabetes Care and Outcomes Audit to estimate the prevalence of class I\, II\, and III obesity (class I = 30.0–34.9 kg/m2\, class II = 35.0–39.9 kg/m2\, and class III ≥40.0 kg/m2) in each year from 1995 through 2004. We also investigated trends in mean BMI during the 10-year period and the role of treatment in these trends using multivariable linear regression models.,Results,Obesity was highly prevalent in this population in 2004 (class I\, 28.9%; class II\, 20.4%; class III\, 20.3%). From 1995 through 2004\, the percentage of obese adults increased from 16.7% to 20.4% in class II and 11.5% to 20.3% in class III (P <.001)\, and the mean BMI increased from 32.1 kg/m2 to 34.4 kg/m2. The increase in BMI was greater in the younger age groups. Adjusted mean BMI increased significantly over 10 years for each of three treatment categories.,Conclusion,Extreme degrees of obesity are a common and increasing problem among AI/AN adults with diabetes. We did not find an association between the type of diabetes treatment and the trend toward extreme degrees of obesity. The increase in extreme obesity could potentially affect the burden of morbidity and mortality among AI/AN adults with diabetes. Effective and culturally appropriate weight management interventions are needed.","Adolescent,Adult,Aged,Alaska Natives,Body Mass Index,Comorbidity,Cross-Sectional Studies,Diabetes Mellitus\, Type 2,Disease Outbreaks,Female,Humans,Indians\, North American,Male,Middle Aged,Obesity\, Morbid,Outcome Assessment (Health Care),Prevalence","Adolescent,Adult,Aged,Alaska Natives,Body Mass Index,Comorbidity,Cross-Sectional Studies,Diabetes Mellitus\, Type 2,Disease Outbreaks,Female,Humans,Indians\, North American,Male,Middle Aged,Obesity\, Morbid,Outcome Assessment (Health Care),Prevalence",Preventing Chronic Disease (PCD),,,,,,,eng,Maybe,1,2,Other prevention terms: obesity | Established-diabetes terms: diabetes care
20106,The Healthy Diabetes Plate,https://stacks.cdc.gov/view/cdc/20106,cdc:20106,The Healthy Diabetes Plate,"Raidl\, Martha,Spain\, Kristina,Hartman-Cunningham\, Mimi,Lanting\, Rhea,Lockard\, Marsha,Johnson\, Shelly,Spencer\, Marnie,Sant\, Laura,Welch\, Julia,Liddil\, Audrey",,Dec 15 2006,"Background,Diabetes education presents two major challenges to the U.S. Cooperative Extension System. The first is that the majority of diabetes education services are provided in more populated areas\, resulting in large nonurban areas being underserved. The second is that many individuals with diabetes find the meal-planning component of diabetes education confusing.,Context,The University of Idaho\, a land-grant institution\, includes teaching\, research\, and extension as part of its mission. Extension means ""reaching out\,"" and in Idaho\, the Extension Service provides research-based programs on agricultural\, natural resources\, youth\, family\, community\, and environmental issues in 42 of Idaho's 44 counties\, making it accessible to most Idahoans.,Methods,The University of Idaho Extension Service collaborated with dietitians and certified diabetes educators to develop and test materials that simplify the meal-planning component of diabetes education. The result was a four-lesson curriculum\, The Healthy Diabetes Plate\, which used the plate format to teach individuals about the type and amount of foods they should consume at each meal. In 2004\, the four-lesson curriculum was taught in three urban and five rural counties. Surveys\, hands-on activities\, and note-taking of participants' comments were used to collect data on participants' characteristics\, their ability to plan meals\, and changes in eating habits.,Consequences,Participants were able to correctly plan breakfast\, lunch\, and dinner meals and improved their intake of fruit and vegetables.,Interpretation,Quantitative and qualitative evaluation information gathered from class participants helped identify which components of The Healthy Diabetes Plate curriculum were effective.","Adult,Aged,Aged\, 80 and over,Caregivers,Diabetes Mellitus\, Type 2,Diabetic Diet,Female,Humans,Male,Middle Aged,Patient Education as Topic","Adult,Aged,Aged\, 80 and over,Caregivers,Diabetes Mellitus\, Type 2,Diabetic Diet,Female,Humans,Male,Middle Aged,Patient Education as Topic",Preventing Chronic Disease (PCD),,,,,,,eng,Maybe,1,0,Other prevention terms: diet
4069,Predictors of Dropouts From a San Diego Diabetes Program: A Case Control Study,https://stacks.cdc.gov/view/cdc/4069,cdc:4069,Predictors of Dropouts From a San Diego Diabetes Program: A Case Control Study,"Benoit\, Stephen R.,Ji\, Ming,Fleming\, Regina,Philis-Tsimikas\, Athena",,Sep 15 2004,"Introduction,The objective of this study was to determine the demographic\, treatment\, clinical\, and behavioral factors associated with dropping out of a nurse-based\, low-income\, multiethnic San Diego diabetes program.,Methods,Data were collected during a 17-month period in 2000 and 2002 on patients with type 2 diabetes from Project Dulce\, a disease management program in San Diego County designed to care for an underserved diabetic population. The study sample included 69 cases and 504 controls representing a racial/ethnic mix of 53% Hispanic\, 7% black\, 16% Asian\, 22% white\, and 2% other. Logistic regression was used to determine factors associated with patient dropout.,Results,Patients who had high initial clinical indicators including blood pressure and hemoglobin A1c and those who smoked currently or smoked in the past were more likely to drop out of the diabetes program.,Conclusion,This study provides markers of patient dropout in a low-income\, multiethnic\, type 2 diabetic population. Reasons for dropout in this program can be investigated to prevent further cohort loss.","Academies and Institutes,Case-Control Studies,Community Health Planning,Community-Institutional Relations,Comorbidity,Databases\, Factual,Diabetes Mellitus\, Type 2,Ethnicity,Health Education,Hemoglobin A\, Glycosylated,Humans,Hypertension,Hypoglycemic Agents,Insurance\, Health,Local Government,Logistic Models,Medicaid,Medical Indigency,Medicare,Patient Dropouts,Risk Factors,Smoking","Academies and Institutes,Case-Control Studies,Community Health Planning,Community-Institutional Relations,Comorbidity,Databases\, Factual,Diabetes Mellitus\, Type 2,Ethnicity,Health Education,Hemoglobin A\, Glycosylated,Humans,Hypertension,Hypoglycemic Agents,Insurance\, Health,Local Government,Logistic Models,Medicaid,Medical Indigency,Medicare,Patient Dropouts,Risk Factors,Smoking",Preventing Chronic Disease (PCD),,,,,,,eng,Maybe,1,0,Other prevention terms: risk factor
151104,"Public Belief in the Maternal Health Benefits of Breastfeeding — United States, 2018 and 2021",https://stacks.cdc.gov/view/cdc/151104,cdc:151104,"Public Belief in the Maternal Health Benefits of Breastfeeding — United States, 2018 and 2021","Boundy\, Ellen O.,Nelson\, Jennifer M.,Li\, Ruowei",,8 24 2023,"The objective of this study was to better understand US public awareness of maternal health benefits of breastfeeding. Data from the 2018 and 2021 SummerStyles surveys were analyzed to explore public belief in select maternal benefits of breastfeeding. As in 2018\, in 2021 a low percentage of respondents believed that breastfeeding protects the mother against breast cancer (23.9%)\, high blood pressure (15.5%)\, or type 2 diabetes (15.4%)\, with male\, older\, and unmarried respondents less likely to believe in these protective effects. More public awareness of maternal benefits of breastfeeding might help increase demand for breastfeeding-supportive programs and policies.","Humans,Male,Female,Maternal Health,Breast Feeding,Diabetes Mellitus\, Type 2,Breast Neoplasms,Mothers","Breast Feeding,Breast Neoplasms,Diabetes Mellitus\, Type 2,Female,Humans,Male,Maternal Health,Mothers",Preventing Chronic Disease (PCD),,,,,,,eng,Maybe,0,0,No decisive prevention or treatment terms found.
54001,Health Care Disparities Between Men and Women With Type 2 Diabetes,https://stacks.cdc.gov/view/cdc/54001,cdc:54001,Health Care Disparities Between Men and Women With Type 2 Diabetes,"Mesa\, Marady Sabiaga",,Apr 19 2018,"Introduction,Regular medical checkups indicate a patient’s level of adherence to health care treatment\, and the frequency of cancelled appointments or no-shows can indicate adherence. This study investigated the use of health care services by men and women and its impact on the control of their type 2 diabetes.,Methods,This study observed 100 patients with type 2 diabetes aged 45 years or older who lived in Ventura County\, California\, during January 1\, 2015\, to January 31\, 2016. The data were collected by Magnolia Family Medical Center. A Pearson χ2 test compared differences between men and women in whether they received a glycated hemoglobin A1c (HbA1c) test in previous 6 months\, a low-density lipoprotein cholesterol test in previous year\, and a retinal examination in previous year. A Wilcoxon signed-rank test compared attendance to medical appointments and HbA1c values for men and women.,Results,Women had a higher rate of scheduling\, cancelling or rescheduling\, and showing up to their medical appointments than did men\, and men had a higher median HbA1c value than did women; all the Wilcoxon signed-rank tests showed a significant difference (P < .001). None of the χ2 tests were significant.,Conclusion,Although men and women had similar health care services for diabetes\, men had less control of their disease and took less advantage of medical appointments than did women.","Aged,Cohort Studies,Diabetes Mellitus\, Type 2,Female,Glycated Hemoglobin A,Healthcare Disparities,Humans,Male,Middle Aged,Patient Compliance,Sex Factors","Aged,Cohort Studies,Diabetes Mellitus\, Type 2,Female,Glycated Hemoglobin A,Healthcare Disparities,Humans,Male,Middle Aged,Patient Compliance,Sex Factors",Preventing Chronic Disease (PCD),,,,,,,eng,Maybe,0,0,No decisive prevention or treatment terms found.
40971,"Racial/Ethnic Disparities in Primary Care Quality Among Type 2 Diabetes Patients, Medical Expenditure Panel Survey, 2012",https://stacks.cdc.gov/view/cdc/40971,cdc:40971,"Racial/Ethnic Disparities in Primary Care Quality Among Type 2 Diabetes Patients, Medical Expenditure Panel Survey, 2012","Hu\, Ruwei,Shi\, Leiyu,Liang\, Hailun,Haile\, Geraldine Pierre,Lee\, De-Chih",,Aug 04 2016,"Introduction,Racial and ethnic disparities exist in diabetes prevalence\, access to diabetes care\, diabetes-related complications and mortality rates\, and the quality of diabetes care among Americans. We explored racial and ethnic disparities in primary care quality among Americans with type 2 diabetes.,Methods,We analyzed data on adults with type 2 diabetes derived from the household component of the 2012 Medical Expenditure Panel Survey. Multiple regression and multivariate logistic regressions were used to examine the association between race/ethnicity and primary care attributes related to first contact\, longitudinality\, comprehensiveness\, and coordination\, and clusters of confounding factors were added sequentially.,Results,Preliminary findings indicated differences in primary care quality between racial/ethnic minorities and whites across measures of first contact\, longitudinality\, comprehensiveness\, and coordination. After controlling for confounding factors\, these differences were no longer apparent; all racial/ethnic categories showed similar rates of primary care quality according to the 4 primary care domains of interest in the study.,Conclusion,Results indicate equitable primary care quality for type 2 diabetes patients across 4 key domains of primary care after controlling for socioeconomic characteristics. Additional research is necessary to support these findings\, particularly when considering smaller racial/ethnic groups and investigating outcomes related to diabetes.","Adolescent,Adult,Aged,Aged\, 80 and over,Demography,Diabetes Mellitus\, Type 2,Female,Health Care Surveys,Health Expenditures,Healthcare Disparities,Humans,Insurance\, Health,Logistic Models,Male,Middle Aged,Multivariate Analysis,Primary Health Care,Racial Groups,Young Adult","Adolescent,Adult,Aged,Aged\, 80 and over,Demography,Diabetes Mellitus\, Type 2,Female,Health Care Surveys,Health Expenditures,Healthcare Disparities,Humans,Insurance\, Health,Logistic Models,Male,Middle Aged,Multivariate Analysis,Primary Health Care,Racial Groups,Young Adult",Preventing Chronic Disease (PCD),,,,,,,eng,Maybe,0,2,Established-diabetes terms: diabetes care
20203,"Variation in Quality of Diabetes Care at the Levels of Patient, Physician, and Clinic",https://stacks.cdc.gov/view/cdc/20203,cdc:20203,"Variation in Quality of Diabetes Care at the Levels of Patient, Physician, and Clinic","O'Connor\, Patrick J,Rush\, William A,Solberg\, Leif I,Whitebird\, Robin R,Crain\, A Lauren,Davidson\, Gestur,Johnson\, Paul E,Louis\, Thomas A",,Dec 15 2007,"Introduction,We studied variance in glycated hemoglobin (HbA1c) values among adults with diabetes to identify variation in quality of diabetes care at the levels of patient\, physician\, and clinic\, and to identify which levels contribute the most to variation and which variables at each level are related to quality of diabetes care.,Methods,Study subjects were 120 primary care physicians and their 2589 eligible adult patients with diabetes seen at 18 clinics. The dependent variable was HbA1c values recorded in clinical databases. Multivariate hierarchical models were used to partition variation in HbA1c values across the levels of patient\, physician\, or clinic and to identify significant predictors of HbA1c at each level.,Results,More than 95% of variance in HbA1c values was attributable to the patient level. Much less variance was seen at the physician and clinic level. Inclusion of patient and physician covariates did not substantially change this pattern of results. Intensification of pharmacotherapy (t = −7.40\, P < .01) and  patient age (t = 2.10\, P < .05) were related to favorable change in HbA1c. Physician age\, physician specialty\, number of diabetes patients per physician\, patient comorbidity\, and clinic assignment did not predict change in HbA1c value. The overall model with covariates explained 11.8% of change in HbA1c value over time.,Conclusion,These data suggest that most variance in HbA1c values is attributable to patient factors\, although physicians play a major role in some patient factors (e.g.\, intensification of medication). These findings may lead to more effective care-improvement strategies and accountability measures.","Adult,Ambulatory Care,Blood Glucose,Diabetes Mellitus\, Type 2,Female,Health Care Surveys,Hemoglobin A\, Glycosylated,Humans,Male,Medical Records Systems\, Computerized,Middle Aged,Monitoring\, Physiologic,Outpatient Clinics\, Hospital,Physician's Practice Patterns,Physicians\, Family,Probability,Quality of Health Care","Adult,Ambulatory Care,Blood Glucose,Diabetes Mellitus\, Type 2,Female,Health Care Surveys,Hemoglobin A\, Glycosylated,Humans,Male,Medical Records Systems\, Computerized,Middle Aged,Monitoring\, Physiologic,Outpatient Clinics\, Hospital,Physician's Practice Patterns,Physicians\, Family,Probability,Quality of Health Care",Preventing Chronic Disease (PCD),,,,,,,eng,Maybe,0,2,Established-diabetes terms: diabetes care
19890,Toward Prevention and Control of Type 2 Diabetes: Challenges at the U.S.-Mexico Border and Beyond1,https://stacks.cdc.gov/view/cdc/19890,cdc:19890,Toward Prevention and Control of Type 2 Diabetes: Challenges at the U.S.-Mexico Border and Beyond1,"Bowman\, Barbara A,Vinicor\, Frank",,Dec 15 2004,,"Diabetes Mellitus\, Type 2,Humans,International Cooperation","Diabetes Mellitus\, Type 2,Humans,International Cooperation",Preventing Chronic Disease (PCD),,,,,,,eng,Maybe,0,0,No decisive prevention or treatment terms found.
120395,Urban–Rural Differences in Health Care Utilization and COVID-19 Outcomes in Patients With Type 2 Diabetes,https://stacks.cdc.gov/view/cdc/120395,cdc:120395,Urban–Rural Differences in Health Care Utilization and COVID-19 Outcomes in Patients With Type 2 Diabetes,"Hirsch\, Annemarie G.,Nordberg\, Cara M.,Bandeen-Roche\, Karen,Pollak\, Jonathan,Poulsen\, Melissa N.,Moon\, Katherine A.,Schwartz\, Brian S.",,7 21 2022,"Introduction,Two studies in Pennsylvania aimed to determine whether community type and community socioeconomic deprivation (CSD) 1) modified associations between type 2 diabetes (hereinafter\, diabetes) and COVID-19 hospitalization outcomes\, and 2) influenced health care utilization among individuals with diabetes during the COVID-19 pandemic.,Methods,The hospitalization study evaluated a retrospective cohort of patients hospitalized with COVID-19 through 2020 for COVID-19 outcomes: death\, intensive care unit (ICU) admission\, mechanical ventilation\, elevated D-dimer\, and elevated troponin level. We used adjusted logistic regression models\, adding interaction terms to evaluate effect modification by community type (township\, borough\, or city census tract) and CSD. The utilization study included patients with diabetes and a clinical encounter between 2017 and 2020. Autoregressive integrated moving average time-series models evaluated changes in weekly rates of emergency department and outpatient visits\, hemoglobin A1c (HbA1c) laboratory tests\, and antihyperglycemic medication orders from 2018 to 2020.,Results,In the hospitalization study\, of 2\,751 patients hospitalized for COVID-19\, 1\,020 had diabetes\, which was associated with ICU admission and elevated troponin. Associations did not differ by community type or CSD. In the utilization study\, among 93\,401 patients with diabetes\, utilization measures decreased in March 2020. Utilization increased in July\, and then began to stabilize or decline through the end of 2020. Changes in HbA1c tests and medication order trends during the pandemic differed by community type and CSD.,Conclusion,Diabetes was associated with selected outcomes among individuals hospitalized for COVID-19\, but these did not differ by community features. Utilization trajectories among individuals with diabetes during the pandemic were influenced by community type and CSD and could be used to identify individuals at risk of gaps in diabetes care.","COVID-19,Diabetes Mellitus\, Type 2,Hospitalization,Humans,Pandemics,Patient Acceptance of Health Care,Retrospective Studies,Risk Factors,SARS-CoV-2,Troponin","COVID-19,Diabetes Mellitus\, Type 2,Hospitalization,Humans,Pandemics,Patient Acceptance of Health Care,Retrospective Studies,Risk Factors,SARS-CoV-2,Troponin",Preventing Chronic Disease (PCD),,,,,,,eng,Exclude,1,5,"Other prevention terms: risk factor | Established-diabetes terms: diabetes care, antihyperglycemic"
150969,"Coping With Discrimination Among African Americans With Type 2 Diabetes: Factor Structure and Associations With Diabetes Control, Mental Distress, and Psychosocial Resources",https://stacks.cdc.gov/view/cdc/150969,cdc:150969,"Coping With Discrimination Among African Americans With Type 2 Diabetes: Factor Structure and Associations With Diabetes Control, Mental Distress, and Psychosocial Resources","McLaurin\, Natalie,Tabibi\, Doonya,Wang\, Tianyu,Alhalimi\, Taha,Lehrer\, H. Matthew,Harrison\, Louis,Tanaka\, Hirofumi,Steinhardt\, Mary A.",,1 25 2024,"Introduction,Type 2 diabetes undermines diabetes-related health outcomes among African Americans\, who have a disproportionately high incidence of the disease. Experiences of discrimination are common among African Americans and compound diabetes-related stress\, exacerbating poor health outcomes. Appropriate use of coping strategies may mitigate the detrimental effect of discrimination on diabetes-related outcomes\, but examining associations between coping strategies and health outcomes is needed to inform potential interventions. This study assessed the factor structure of the Coping with Discrimination Scale (CDS) among African American adults with type 2 diabetes and examined associations of CDS subscales with measures of diabetes control\, mental distress\, and psychosocial resources.,Methods,The CDS was administered primarily through churches to African Americans with type 2 diabetes residing in Austin\, Texas\, and surrounding areas. Data were collected from August 2020 through April 2023. We conducted principal axis factor analysis of the CDS and determined internal consistency for each factor. We computed bivariate and partial correlations between CDS subscales and indicators of diabetes control (hemoglobin A1c\, diabetes self-management)\, mental distress (diabetes distress\, perceived stress\, depressive symptoms)\, and psychosocial resources (resilience\, social support\, self-efficacy).,Results,The 284 African American adults (204 women\, 80 men) ranged in age from 23 to 86 years (mean [SD] = 62 [11] y). We identified 4 factors: education/advocacy\, internalization\, strong response\, and detachment. Scores were highest for education/advocacy items and lowest for strong response items. Education/advocacy was associated with higher scores on psychosocial resources\, whereas detachment was associated with lower scores. Internalization and strong response were associated with higher mental distress. Strong response was associated with higher hemoglobin A1c\, and education/advocacy was associated with enhanced diabetes self-management.,Conclusion,We suggest health care professionals create culturally tailored interventions that aid individuals in educating others\, advocating for themselves\, or recognizing situations outside one’s control and detaching from responsibility\, rather than internalizing experiences of discrimination or engaging in strong responses that upon reflection are detrimental to one’s health.","Adult,Aged,Aged\, 80 and over,Female,Humans,Male,Middle Aged,Young Adult,Black or African American,Coping Skills,Diabetes Mellitus\, Type 2,Glycated Hemoglobin,Health Behavior,Social Discrimination","Adult,Aged,Aged\, 80 and over,Black or African American,Coping Skills,Diabetes Mellitus\, Type 2,Female,Glycated Hemoglobin,Health Behavior,Humans,Male,Middle Aged,Social Discrimination,Young Adult",Preventing Chronic Disease (PCD),,,,,,,eng,Exclude,0,6,"Established-diabetes terms: self-management, diabetes control"
151110,"Trends and Predictors of Glycemic Control Among Adults With Type 2 Diabetes Covered by Alabama Medicaid, 2011–2019",https://stacks.cdc.gov/view/cdc/151110,cdc:151110,"Trends and Predictors of Glycemic Control Among Adults With Type 2 Diabetes Covered by Alabama Medicaid, 2011–2019","Presley\, Caroline A.,Khodneva\, Yulia,Juarez\, Lucia D.,Howell\, Carrie R.,Agne\, April A.,Riggs\, Kevin R.,Huang\, Lei,Pisu\, Maria,Levitan\, Emily B.,Cherrington\, Andrea L.",,9 14 2023,"Introduction,Despite advances in diabetes management\, only one-quarter of people with diabetes in the US achieve optimal targets for glycated hemoglobin A1c (HbA1c)\, blood pressure\, and cholesterol. We sought to evaluate temporal trends and predictors of achieving glycemic control among adults with type 2 diabetes covered by Alabama Medicaid from 2011 through 2019.,Methods,We completed a retrospective analysis of Medicaid claims and laboratory data\, using person-years as the unit of analysis. Inclusion criteria were being aged 19 to 64 years\, having a diabetes diagnosis\, being continuously enrolled in Medicaid for a calendar year and preceding 12 months\, and having at least 1 HbA1c result during the study year. Primary outcomes were HbA1c thresholds of <7% and <8%. Primary exposure was study year. We conducted separate multivariable-adjusted logistic regressions to evaluate relationships between study year and HbA1c thresholds.,Results,We included 43\,997 person-year observations. Mean (SD) age was 51.0 (9.9) years; 69.4% were women; 48.1% were Black\, 42.9% White\, and 0.4% Hispanic. Overall\, 49.1% had an HbA1c level of <7% and 64.6% <8%. Later study years and poverty-based eligibility were associated with lower probability of reaching target HbA1c levels of <7% or <8%. Sex\, race\, ethnicity\, and geography were not associated with likelihood of reaching HbA1c <7% or <8% in any model.,Conclusion,Later study years were associated with lower likelihood of meeting target HbA1c levels compared with 2011\, after adjusting for covariates. With approximately 35% not meeting an HbA1c target of <8%\, more work is needed to improve outcomes of low-income adults with type 2 diabetes.","Adult,Female,Humans,Male,Diabetes Mellitus\, Type 2,Glycemic Control,Medicaid,Retrospective Studies","Adult,Diabetes Mellitus\, Type 2,Female,Glycemic Control,Humans,Male,Medicaid,Retrospective Studies",Preventing Chronic Disease (PCD),,,,,,,eng,Exclude,0,8,"Established-diabetes terms: diabetes management, glycemic control, hba1c target"
150982,Using Patient Profiles for Sustained Diabetes Management Among People With Type 2 Diabetes,https://stacks.cdc.gov/view/cdc/150982,cdc:150982,Using Patient Profiles for Sustained Diabetes Management Among People With Type 2 Diabetes,"Chiou\, Shang-Jyh,Chang\, Yen-Jung,Chen\, Chih-Dao,Liao\, Kuomeng,Tseng\, Tung-Sung",,3 16 2023,"Introduction,Our objective was to evaluate the association between patient profiles and sustained diabetes management (SDM) among patients with type 2 diabetes.,Methods,We collected HbA1c values recorded from 2014 through 2020 for 570 patients in a hospital in Taipei\, Taiwan\, and calculated a standard level based on an HbA1c level less than 7.0% to determine SDM. We used patients’ self-reported data on diabetes self-care behaviors to construct profiles. We used 8 survey items to perform a latent profile analysis with 3 groups (poor management\, medication adherence\, and good management). After adjusting for other determining factors\, we used multiple regression analysis to explore the relationship between patient profiles and SDM.,Results,The good management group demonstrated better SDM than the poor management group (β = 0.183; P = .003). Using the most recent HbA1c value and the 7-year average of HbA1c values as the outcome\, we found lower HbA1c values in the good management group than in the poor management group (β = −0.216 [P = .01] and −0.217 [P = .008]\, respectively).,Conclusion,By using patient profiles\, we confirmed a positive relationship between optimal patient behavior in self-care management and SDM. Patients with type 2 diabetes exhibited effective self-care management behavior and engaged in more health care activities\, which may have led to better SDM. In promoting patient-centered care\, using patient profiles and customized health education materials could improve diabetes care.","Humans,Diabetes Mellitus\, Type 2,Medication Adherence,Surveys and Questionnaires","Diabetes Mellitus\, Type 2,Humans,Medication Adherence,Surveys and Questionnaires",Preventing Chronic Disease (PCD),,,,,,,eng,Exclude,0,8,"Established-diabetes terms: diabetes management, diabetes care, medication adherence"
47763,A Home-Based Type 2 Diabetes Self-Management Intervention in Rural Guatemala,https://stacks.cdc.gov/view/cdc/47763,cdc:47763,A Home-Based Type 2 Diabetes Self-Management Intervention in Rural Guatemala,"Flood\, David,Hawkins\, Jessica,Rohloff\, Peter",,Aug 10 2017,"Introduction,Diabetes self-management education (DSME) is a fundamental element of type 2 diabetes care. Although 75% of adults with diabetes worldwide live in low-income and middle-income countries (LMICs)\, limited DSME research has been conducted in LMICs. The objective of this study was to evaluate a home-based DSME intervention in rural Guatemala.,Methods,We conducted a prospective study of a DSME intervention using a quasi-experimental\, single-group pretest–posttest design. We enrolled 90 participants in the intervention\, which consisted of 6 home visits (May 2014–July 2016) conducted by a diabetes educator using a curriculum culturally and linguistically tailored to rural Mayan populations. Primary outcomes were changes in mean hemoglobin A1c (HbA1c) and mean systolic and diastolic blood pressure at baseline and at 12 months. Secondary outcomes were diabetes knowledge and self-care activities at baseline and intervention completion.,Results,HbA1c decreased significantly from baseline to 12 months (absolute mean change\, −1.5%; 95% confidence interval [CI]\, −1.9% to −1.0%; P < .001). Systolic blood pressure also improved significantly at 12 months (−6.2 mm Hg; 95% CI\, −10.1 to −2.2 mm Hg; P = .002); changes in diastolic blood pressure were not significant (−1.6 mm Hg; 95% CI\, −3.9 to −0.7 mm Hg; P = .17). We also found significant improvements in diabetes knowledge and self-care activities from baseline to intervention completion.,Conclusion,DSME interventions can be successfully delivered in a setting with an under resourced health system\, high poverty rate\, and unique cultural characteristics like Mayan Guatemala. Our findings point to the need for more DSME research in resource-limited settings globally.","Blood Glucose Self-Monitoring,Community Health Services,Community Health Workers,Cultural Characteristics,Diabetes Mellitus\, Type 2,Female,Health Education,Humans,Male,Prospective Studies,Rural Population,Self-Management","Blood Glucose Self-Monitoring,Community Health Services,Community Health Workers,Cultural Characteristics,Diabetes Mellitus\, Type 2,Female,Health Education,Humans,Male,Prospective Studies,Rural Population,Self-Management",Preventing Chronic Disease (PCD),,,,,,,eng,Exclude,0,5,"Established-diabetes terms: self-management, diabetes care"
35567,Long-Term Impact of a Community Health Worker Intervention on Diabetes Control in American Samoa,https://stacks.cdc.gov/view/cdc/35567,cdc:35567,Long-Term Impact of a Community Health Worker Intervention on Diabetes Control in American Samoa,"Rao\, Mayuree,DePue\, Judith D.,Dunsiger\, Shira,Elsayed\, Mohammad,Nu'usolia\, Ofeira,McGarvey\, Stephen T.",,Oct 22 2015,"Introduction,Diabetes Care in American Samoa (DCAS) was a randomized controlled trial of a 12-month intervention facilitated by community health workers (CHWs) that demonstrated improved HbA1c levels compared with usual care at trial completion. We sought to evaluate the long-term impact of this intervention on diabetes control.,Methods,We retrospectively collected HbA1c measurements from medical records of DCAS participants (n = 268). The study group received the intervention during the trial\, and the control group received the intervention after the trial. We used mixed-effects longitudinal regression models to assess change in HbA1c within each trial arm during 3 time periods: DCAS (12 months of the study group’s intervention)\, the first year after DCAS (control group’s intervention)\, and the second year after DCAS. Models were adjusted for baseline characteristics that differed significantly for participants with a low number of HbA1c measurements from those with a high number of HbA1c measurements.,Results,After adjustment for confounders\, the experiment group experienced a decrease in HbA1c of 0.28 units per year (95% confidence interval [CI]\, −0.64 to 0.07) during DCAS (intervention). HbA1c decreased by 0.88 units per year (95% CI\, −1.31 to −0.45) during the year after the intervention. No significant change was observed the following year. HbA1c of the control group did not significantly change during DCAS (usual care) but decreased by 1.31 units per year (95% CI\, −1.72 to −0.91) during its intervention. During the year after the control group’s intervention\, HbA1c increased by 1.18 units per year (95% CI\, 0.42 to 1.93).,Conclusion,Both groups had initial improvements in glycemic control\, but HbA1c later plateaued or increased. These results suggest that time-limited CHW programs improve diabetes control in the short term\, but ongoing programs are needed for sustained impact.","Adult,Aged,Blood Glucose,Community Health Workers,Diabetes Mellitus\, Type 2,Female,Glycated Hemoglobin,Humans,Male,Middle Aged,Outcome Assessment\, Health Care,Regression Analysis,Retrospective Studies,Self Care","Adult,Aged,Blood Glucose,Community Health Workers,Diabetes Mellitus\, Type 2,Female,Glycated Hemoglobin,Humans,Male,Middle Aged,Outcome Assessment\, Health Care,Regression Analysis,Retrospective Studies,Self Care",Preventing Chronic Disease (PCD),,,,,,,eng,Exclude,0,8,"Established-diabetes terms: glycemic control, diabetes control, diabetes care"
31366,"Evaluating Diabetes Mobile Applications for Health Literate Designs and Functionality, 2014",https://stacks.cdc.gov/view/cdc/31366,cdc:31366,"Evaluating Diabetes Mobile Applications for Health Literate Designs and Functionality, 2014","Caburnay\, Charlene A.,Graff\, Kaitlin,Harris\, Jenine K.,McQueen\, Amy,Smith\, Madeleine,Fairchild\, Maggie,Kreuter\, Matthew W.",,May 07 2015,"Introduction,The expansion of mobile health technologies\, particularly for diabetes-related applications (apps)\, grew exponentially in the past decade. This study sought to examine the extent to which current mobile apps for diabetes have health literate features recommended by participants in an Institute of Medicine Roundtable and compare the health literate features by app cost (free or not).,Methods,We used diabetes-related keywords to identify diabetes-related apps for iOS devices. A random sample of 110 apps (24% of total number of apps identified) was selected for coding. The coding scheme was adapted from the discussion paper produced by participants in the Institute of Medicine Roundtable.,Results,Most diabetes apps in this sample addressed diabetes management and therapeutics\, and paid apps were more likely than free apps to use plain language strategies\, to label links clearly\, and to have at least 1 feature (a “back” button) that helps with the organization.,Conclusion,Paid apps were more likely than free apps to use strategies that should be more useful and engaging for people with low health literacy. Future work can investigate ways to make free diabetes mobile apps more user-friendly and accessible.","Adolescent,Child,Child\, Preschool,Clinical Coding,Diabetes Mellitus,Diabetes Mellitus\, Type 1,Diabetes Mellitus\, Type 2,Disease Management,Female,Health Literacy,Humans,Mobile Applications,Personal Satisfaction,Programming Languages,Software Design,Telemedicine,Text Messaging,User-Computer Interface","Adolescent,Child,Child\, Preschool,Clinical Coding,Diabetes Mellitus,Diabetes Mellitus\, Type 1,Diabetes Mellitus\, Type 2,Disease Management,Female,Health Literacy,Humans,Mobile Applications,Personal Satisfaction,Programming Languages,Software Design,Telemedicine,Text Messaging,User-Computer Interface",Preventing Chronic Disease (PCD),,,,,,,eng,Exclude,0,3,Established-diabetes terms: diabetes management
20408,A Diabetes Self-Management Program Designed for Urban American Indians,https://stacks.cdc.gov/view/cdc/20408,cdc:20408,A Diabetes Self-Management Program Designed for Urban American Indians,"Castro\, Sarah,O'Toole\, Mary,Brownson\, Carol,Plessel\, Kimberly,Schauben\, Laura",,Sep 15 2009,"Background,Although the American Indian population has a disproportionately high rate of type 2 diabetes\, little has been written about culturally sensitive self-management programs in this population.,Context,Community and clinic partners worked together to identify barriers to diabetes self-management and to provide activities and services as part of a holistic approach to diabetes self-management\, called the Full Circle Diabetes Program.,Methods,The program activities and services addressed 4 components of holistic health: body\, spirit\, mind\, and emotion. Seven types of activities or services were available to help participants improve diabetes self-management; these included exercise classes\, educational classes\, and talking circles.,Consequences,Ninety-eight percent of program enrollees participated in at least 1 activity\, and two-thirds participated in 2 or more activities. Program participation resulted in a significant improvement in knowledge of resources for managing diabetes.,Interpretation,The Full Circle Diabetes Program developed and implemented culturally relevant resources and supports for diabetes self-management in an American Indian population. Lessons learned included that a holistic approach to diabetes self-management\, community participation\, and stakeholder partnerships are needed for a successful program.","Adult,Culture,Diabetes Mellitus\, Type 2,Disease Management,Female,Humans,Indians\, North American,Male,Middle Aged,Patient Education as Topic,Self Care","Adult,Culture,Diabetes Mellitus\, Type 2,Disease Management,Female,Humans,Indians\, North American,Male,Middle Aged,Patient Education as Topic,Self Care",Preventing Chronic Disease (PCD),,,,,,,eng,Exclude,0,3,Established-diabetes terms: self-management
20255,"Living With Ma’i Suka: Individual, Familial, Cultural, and Environmental Stress Among Patients With Type 2 Diabetes Mellitus and Their Caregivers in American Samoa",https://stacks.cdc.gov/view/cdc/20255,cdc:20255,"Living With Ma’i Suka: Individual, Familial, Cultural, and Environmental Stress Among Patients With Type 2 Diabetes Mellitus and Their Caregivers in American Samoa","Elstad\, Emily,Tusiofo\, Corabelle,Rosen\, Rochelle K,McGarvey\, Stephen T",,Jun 15 2008,"Introduction,The U.S. territory of American Samoa has a disproportionate number of people with type 2 diabetes mellitus compared with neighboring Samoa and the U.S. mainland. The purpose of this research was to study perceptions of diabetes among people with type 2 diabetes in American Samoa in order to design culturally appropriate interventions to prevent and manage diabetes effectively.,Methods,Seven focus groups were held with 64 participants at a primary health care facility and a nearby workplace in American Samoa. These focus groups were conducted in the Samoan language and explored perceptions of diabetes\, including its meaning\, etiology\, and the illness experience. Participants were people with diabetes at the health care facility and their family caregivers.,Results,Our systematic analysis of the translated transcripts showed that American Samoans with type 2 diabetes experienced individual\, familial\, cultural\, and environmental stress. They also associated environmental and familial stressors with the worsening of symptoms and increases in blood glucose levels. Although participants believed that stress within the family worsened diabetes symptoms\, family members figured prominently as primary caregivers.,Conclusion,Interventions aimed at improving diabetes management in American Samoa should emphasize family involvement coupled with education and methods to reduce caregiver burden\, given the chronic\, lifelong nature of diabetes.","Adult,Aged,Aged\, 80 and over,American Samoa,Caregivers,Cross-Sectional Studies,Cultural Characteristics,Diabetes Mellitus\, Type 2,Family,Female,Focus Groups,Health Knowledge\, Attitudes\, Practice,Humans,Male,Middle Aged,Stress\, Psychological","Adult,Aged,Aged\, 80 and over,American Samoa,Caregivers,Cross-Sectional Studies,Cultural Characteristics,Diabetes Mellitus\, Type 2,Family,Female,Focus Groups,Health Knowledge\, Attitudes\, Practice,Humans,Male,Middle Aged,Stress\, Psychological",Preventing Chronic Disease (PCD),,,,,,,eng,Exclude,0,3,Established-diabetes terms: diabetes management
